,arrive_time,canWebBuy,control_day,control_train_day,controlled_train_flag,controlled_train_message,day_difference,end_city_code,end_province_code,end_station_name,end_station_telecode,from_station_name,from_station_no,from_station_telecode,gg_num,gr_num,is_support_card,lishi,lishiValue,location_code,note,qt_num,rw_num,rz_num,sale_time,seat_feature,seat_types,start_city_code,start_province_code,start_station_name,start_station_telecode,start_time,start_train_date,station_train_code,swz_num,to_station_name,to_station_no,to_station_telecode,train_class_name,train_no,train_seat_feature,train_type_code,tz_num,wz_num,yb_num,yp_ex,yp_info,yw_num,yz_num,ze_num,zy_num
0,05:31,Y,29,20300303,0,正常车次，不受控,0,0705,07,南京,NJH,上海南,14,SNH,--,--,0,01:17,77,G1,,--,11,--,1530,W3431333,1413,1004,10,福州,FZS,04:14,20161228,K526,--,苏州,15,SZH,,580000K52606,3,2,--,322,--,10401030,2qI5iP6NO089WO62KUeJ%2BOiyKm6%2BaZ0u1opzaz%2B%2FD2X6GOqUeagEnEnyb7c%3D,91,528,--,--
1,05:38,Y,29,20300303,0,正常车次，不受控,0,0705,07,南京,NJH,上海南,20,SNH,--,--,0,01:09,69,Q7,,--,无,--,1530,W3431333,1413,1502,16,广州,GZQ,04:29,20161228,K528,--,苏州,21,SZH,,630000K5280K,3,2,--,无,--,10401030,6s9zFoD6kTaytQpR%2BkVYUX6a4yJjArgq6r1eHRBin3zT6ToY%2B77Ruee2u6E%3D,16,297,--,--
2,06:41,Y,29,20300303,0,正常车次，不受控,0,1707,19,成都东,ICW,上海虹桥,01,AOH,--,--,1,00:32,32,H2,,--,--,--,1330,O3M3W3,OMO,0712,33,上海虹桥,AOH,06:09,20161229,D636,--,苏州,02,SZH,动车,5l0000D63630,3,2,--,无,--,O0M0O0,3ITKsHRdd1Vvv%2B24ttkd2N2ef141zQ1XEBNOVo%2FoOoLVwbmg,--,--,76,11
3,06:40,Y,29,20300303,0,正常车次，不受控,0,2003,23,西安北,EAY,上海虹桥,01,AOH,--,--,1,00:23,23,H1,,--,--,--,1330,O3M393,OM9,0712,33,上海虹桥,AOH,06:17,20161229,G1912,23,苏州北,02,OHH,,5l000G191200,3,2,--,--,--,O0M090,MLRRkOrwXno5PHoT6uzVH%2FnR6nvkqEHpEyYDtkLGTpMQBQ0y,--,--,707,160
4,06:50,Y,29,20300303,0,正常车次，不受控,0,0705,07,南京,NJH,上海,01,SHH,--,--,1,00:32,32,H3,,--,--,--,1430,O3M3W3,OMO,0712,33,上海,SHH,06:18,20161229,G7032,--,苏州,03,SZH,,55000G703240,3,3,--,无,--,O0M0O0,Zc2%2F1Wjq0nyvZ98MjpyK1AaUTXDFEIl%2BoRrdoWKb%2BhA2R3L7,--,--,523,50
5,06:45,Y,29,20300303,0,正常车次，不受控,0,1222,13,郑州东,ZAF,上海虹桥,01,AOH,--,--,1,00:23,23,H1,,--,--,--,1330,O3M393,OM9,0712,33,上海虹桥,AOH,06:22,20161229,G1802,无,苏州北,02,OHH,,5l000G180200,3,2,--,--,--,O0M090,b088%2Fwy0E6WoKauTDpKCY3pmBN3OzlnC%2FZOPFUf0DjnuIKC6,--,--,448,17
6,06:55,Y,29,20300303,0,正常车次，不受控,0,0816,09,安庆,AQH,上海,01,SHH,--,--,1,00:32,32,H1,,--,--,--,1430,O3M3W3,OMO,0712,33,上海,SHH,06:23,20161229,G7076,--,苏州,03,SZH,,55000G7076A0,3,3,--,无,--,O0M0O0,717aS1oRRTCmdbtvn0jDhTkim2c%2FJZdz4cUVxPLL74H3lUqo,--,--,63,3
7,07:16,Y,29,20300303,0,正常车次，不受控,0,1707,19,成都东,ICW,上海虹桥,01,AOH,--,--,1,00:38,38,H2,,--,--,--,1330,O3M3W3,OMO,0712,33,上海虹桥,AOH,06:38,20161229,D2206,--,苏州,03,SZH,动车,5l000D220651,3,2,--,无,--,O0M0O0,0fTxtqFYwbzqMmgL0W30PfaZaWVOjuGoADKocKV00a1Yc5Sj,--,--,368,35
8,07:02,Y,29,20300303,0,正常车次，不受控,0,0357,31,北京南,VNP,上海虹桥,01,AOH,--,--,1,00:23,23,H1,,--,--,--,1330,O3M393,OM9,0712,33,上海虹桥,AOH,06:39,20161229,G102,无,苏州北,02,OHH,,5l0000G10261,3,2,--,--,--,O0M090,AlGcXWgyP9R%2BiPoA7CNfY3PDkARve2AQopk71dCn9uYkNefx,--,--,143,49
9,07:34,Y,29,20300303,0,正常车次，不受控,0,1307,14,宜昌东,HAN,上海虹桥,01,AOH,--,--,1,00:44,44,H3,,--,--,--,1330,O3M3W3,OMO,0712,33,上海虹桥,AOH,06:50,20161229,D3072,--,苏州,03,SZH,动车,5l000D307230,3,2,--,无,--,O0M0O0,%2BisSGLeTQcE39KenRb%2BYmTQfI%2F33FtqdneEmrOSlFcvFRGy3,--,--,247,63
10,07:25,Y,29,20300303,0,正常车次，不受控,0,0705,07,南京,NJH,上海,01,SHH,--,--,1,00:25,25,H3,,--,--,--,1430,O3W3M3P3,OMOP,0712,33,上海,SHH,07:00,20161229,G7002,--,苏州,02,SZH,,55000G700261,3,3,24,无,--,O0M0O0P0,KgdIySy4SHbJYqrVyeQt%2FnJjHkGFU7S%2BtqCnZAJD0S5esdK0rfVpUYN%2FAFs%3D,--,--,988,64
11,07:39,Y,29,20300303,0,正常车次，不受控,0,0705,07,南京,NJH,上海,01,SHH,--,--,1,00:34,34,H3,,--,--,--,1430,O3M3W3,OMO,0712,33,上海,SHH,07:05,20161229,G7034,--,苏州,03,SZH,,55000G703450,3,3,--,无,--,O0M0O0,3pIdc6uxLTjssub3JfiZIMf5dNpR6yj0FyVpnmdWRbI0EwQs,--,--,530,50
12,07:33,Y,29,20300303,0,正常车次，不受控,0,0357,31,北京南,VNP,上海虹桥,01,AOH,--,--,1,00:23,23,H1,,--,--,--,1330,O3M393,OM9,0712,33,上海虹桥,AOH,07:10,20161229,G106,15,苏州北,02,OHH,,5l0000G10651,3,2,--,--,--,O0M090,%2FM6MQQCPBCLRkWsqI4LWS1f1fHAWkYObwJmv9ZX9OcCBCbzJ,--,--,344,28
13,07:39,Y,29,20300303,0,正常车次，不受控,0,2003,23,西安北,EAY,上海虹桥,01,AOH,--,--,1,00:24,24,H1,,--,--,--,1330,O3M393,OM9,0712,33,上海虹桥,AOH,07:15,20161229,G1916,25,苏州北,02,OHH,,5l000G191600,3,2,--,--,--,O0M090,mlUTq1qGpQtaX%2Fdv8%2F6eEyab40ZkBy1zbNpINA0i8CvFlt76,--,--,666,167
14,07:50,Y,29,20300303,0,正常车次，不受控,0,1314,14,汉口,HKN,上海虹桥,01,AOH,--,--,1,00:35,35,H2,,--,--,--,1330,O3M3W3,OMO,0712,33,上海虹桥,AOH,07:15,20161229,D3056,--,苏州,03,SZH,动车,5l000D305630,3,2,--,84,--,O0M0O0,gF8lgiCf1A%2BBawT59IOjglqQRFEpyDGveGe2D4TYIwHRNTzX,--,--,47,1
15,08:00,Y,29,20300303,0,正常车次，不受控,0,0705,07,南京,NJH,上海虹桥,01,AOH,--,--,1,00:40,40,H3,,--,--,--,1330,O393M3W3,O9OM,0712,33,上海虹桥,AOH,07:20,20161229,G7102,10,苏州,04,SZH,,5l000G710240,3,3,--,无,--,O090O0M0,5KEUAvRwWlP4dIVj9RvMYgjRgxceFkApEDDQvdX34KZvh2PgTVZj%2FGkTV9U%3D,--,--,467,28
16,07:53,Y,29,20300303,0,正常车次，不受控,0,0357,31,北京南,VNP,上海虹桥,01,AOH,--,--,1,00:25,25,H1,,--,--,--,1330,O3M393,OM9,0712,33,上海虹桥,AOH,07:28,20161229,G110,12,苏州北,02,OHH,,5l0000G11091,3,2,--,--,--,O0M090,pJO7NnqEcnf%2BKJccg%2BPnbOz4Gbp2xgwnzdV0sQn%2BRZ9eLzth,--,--,278,45
17,08:08,Y,29,20300303,0,正常车次，不受控,0,1717,34,重庆北,CUW,上海虹桥,01,AOH,--,--,1,00:38,38,H1,,--,--,--,1330,O3M3W3,OMO,0712,33,上海虹桥,AOH,07:30,20161229,D2212,--,苏州,03,SZH,动车,5l000D221221,3,2,--,无,--,O0M0O0,Fy0m5FIPons0Ml%2B06uTrTqm3x1RSGuouocyJHGBIdDjDjZmB,--,--,99,17
18,08:14,Y,29,20300303,0,正常车次，不受控,0,0816,09,安庆,AQH,上海,01,SHH,--,--,1,00:31,31,H1,,--,--,--,1430,O393M3W3,O9OM,0712,33,上海,SHH,07:43,20161229,G7080,12,苏州园区,03,KAH,,55000G708090,3,3,--,无,--,O090O0M0,8y2UHlA2YzfFrISQTihQkx66yGWmqHK%2BKwNTmiDFVCp30uNyxumnDEoiCTk%3D,--,--,17,28
19,08:33,Y,29,20300303,0,正常车次，不受控,0,0210,04,丹东,DUT,上海虹桥,01,AOH,--,--,1,00:44,44,H2,,--,--,--,1330,O3M393,OM9,0712,33,上海虹桥,AOH,07:49,20161229,G1232,1,苏州北,03,OHH,,5l000G123280,3,2,--,--,--,O0M090,BPqWk0Sv%2F6vwDjNwqBhzMk%2BMc6ZUGQeE1a4RQS7T40Lo1a%2F%2F,--,--,18,2
20,08:25,Y,29,20300303,0,正常车次，不受控,0,0705,07,南京,NJH,上海,01,SHH,--,--,1,00:25,25,H3,,--,--,--,1430,O3W3M3P3,OMOP,0712,33,上海,SHH,08:00,20161229,G7004,--,苏州,02,SZH,,55000G700482,3,3,15,无,--,O0M0O0P0,Ars3ebVayv%2FCTY3bAZME6m2G9xT8aL3pqxw%2BgiyR4PJOmeA706IaInnP0CM%3D,--,--,960,32
21,08:28,Y,29,20300303,0,正常车次，不受控,0,0357,31,北京南,VNP,上海虹桥,01,AOH,--,--,1,00:23,23,H1,,--,--,--,1330,O3M393,OM9,0712,33,上海虹桥,AOH,08:05,20161229,G112,3,苏州北,02,OHH,,5l0000G11291,3,2,--,--,--,O0M090,npmZ8nsccsOnmEXSf%2FE73hG03V99ktrwWjS4JOBkg0%2BjSg%2Bs,--,--,342,32
22,08:37,Y,29,20300303,0,正常车次，不受控,0,0805,09,淮南东,HOH,上海,01,SHH,--,--,1,00:32,32,H2,,--,--,--,1430,O3M3W3,OMO,0712,33,上海,SHH,08:05,20161229,G7268,--,苏州,03,SZH,,55000G726830,3,3,--,无,--,O0M0O0,K2SmEQMEh6QQEISPKdd0m0gLlGbjyI%2Fqliql3qysAs%2BKt3Sg,--,--,318,95
23,08:42,Y,29,20300303,0,正常车次，不受控,0,0705,07,南京,NJH,上海,01,SHH,--,--,1,00:32,32,H2,,--,--,--,1430,O393M3W3,O9OM,0712,33,上海,SHH,08:10,20161229,G7036,10,苏州,03,SZH,,55000G703670,3,3,--,无,--,O090O0M0,kpXoKMuSQrV3echMjaTKiFc8QDRuVy6ycfByuKEiAJ4lIz6ETG9Ut0JQmDs%3D,--,--,481,27
24,08:43,Y,29,20300303,0,正常车次，不受控,0,0357,31,北京南,VNP,上海虹桥,01,AOH,--,--,1,00:33,33,H1,,--,--,--,1330,O3M393,OM9,0712,33,上海虹桥,AOH,08:10,20161229,G114,2,苏州北,03,OHH,,5l0000G11441,3,2,--,--,--,O0M090,BmXh2%2F8IZlF7Q52Hp13VO1hbQzOH%2FVT%2FrjQpDyR3JN%2F84LUw,--,--,177,2
25,08:47,Y,29,20300303,0,正常车次，不受控,0,0819,09,六安,UAH,上海,01,SHH,--,--,1,00:32,32,H2,,--,--,--,1430,O393M3W3,O9OM,0712,33,上海,SHH,08:15,20161229,G7232,5,苏州,03,SZH,,55000G723280,3,3,--,无,--,O090O0M0,XOTPYcnuhS0KJQ%2FuYHkDtl51lYh5CO%2FgSoGqv%2FwlCuiJOOwGc8J2KKWMs5k%3D,--,--,65,1
26,08:39,Y,29,20300303,0,正常车次，不受控,0,0405,02,太原南,TNV,上海虹桥,01,AOH,--,--,1,00:23,23,H1,,--,--,--,1330,O3M393,OM9,0712,33,上海虹桥,AOH,08:16,20161229,G1952,1,苏州北,02,OHH,,5l000G195200,3,2,--,--,--,O0M090,XdpSkZjP7POLPAKbHD%2BYZ5kghOWmOzKW1H%2BUHmB2byopcQda,--,--,385,8
27,08:54,Y,29,20300303,0,正常车次，不受控,0,1314,14,汉口,HKN,上海虹桥,01,AOH,--,--,1,00:34,34,H3,,--,--,--,1330,O3M3W3,OMO,0712,33,上海虹桥,AOH,08:20,20161229,D3064,--,苏州,03,SZH,动车,5l000D306430,3,2,--,无,--,O0M0O0,JTzLT5gzdGbt3fCS0RyvlsZ7PAZ33UDhp%2BbCx5p1m3lTkCfg,--,--,48,16
28,08:48,Y,29,20300303,0,正常车次，不受控,0,1407,15,长沙南,CWQ,上海虹桥,01,AOH,--,--,1,00:23,23,H1,,--,--,--,1330,O3M393,OM9,0712,33,上海虹桥,AOH,08:25,20161229,G576,6,苏州北,02,OHH,,5l0000G57640,3,2,--,--,--,O0M090,npkgW8a0xYIjOQbvGs0pQRnm52uaes59CcEyyml%2F7skj07kx,--,--,300,11
29,09:07,Y,29,20300303,0,正常车次，不受控,0,0710,07,苏州,SZH,上海,01,SHH,--,--,1,00:41,41,H1,,--,--,--,1430,O3M3W3,OMO,0712,33,上海,SHH,08:26,20161229,G7206,--,苏州,04,SZH,,55000G720690,3,3,--,无,--,O0M0O0,D631NZCdEK3j32gJusUkpjbthAJFlTVK1%2FYlwIVY36p3XVYE,--,--,522,50
30,09:11,Y,29,20300303,0,正常车次，不受控,0,0816,09,安庆,AQH,上海,01,SHH,--,--,1,00:39,39,H1,,--,--,--,1430,O3M3W3,OMO,0712,33,上海,SHH,08:32,20161229,G7084,--,苏州,04,SZH,,55000G708470,3,3,--,无,--,O0M0O0,I%2BREU6wXTDQ5X43vtAMawzEeMrJd2nApFaTRJR5ucFBVc%2FOF,--,--,79,15
31,08:55,Y,29,20300303,0,正常车次，不受控,0,1314,14,武汉,WHN,上海虹桥,01,AOH,--,--,1,00:23,23,H2,,--,--,--,1330,O3M393,OM9,0712,33,上海虹桥,AOH,08:32,20161229,G676,无,苏州北,02,OHH,,5l0000G67630,3,2,--,--,--,O0M090,cB2tywUod5IFhEFGgiw3n%2Fp3KJm2XErDZ1hnQqnG8j8rqi3T,--,--,43,4
32,09:01,Y,29,20300303,0,正常车次，不受控,0,0359,32,天津西,TXP,上海虹桥,01,AOH,--,--,1,00:23,23,H1,,--,--,--,1330,O3M393,OM9,0712,33,上海虹桥,AOH,08:38,20161229,G212,8,苏州北,02,OHH,,5l0000G21230,3,2,--,--,--,O0M090,wCa9G1BwatNQBxenT10RYBVTNjfoJTYuEEC%2BWA2Ka%2F5JHhiY,--,--,223,44
33,09:17,Y,29,20300303,0,正常车次，不受控,0,1717,34,重庆北,CUW,上海虹桥,01,AOH,--,--,1,00:38,38,H2,,--,--,--,1330,O3M3W3,OMO,0712,33,上海虹桥,AOH,08:39,20161229,D2216,--,苏州,03,SZH,动车,5l000D221641,3,2,--,无,--,O0M0O0,kRDn%2BsS0Tq9wUNnDVEh8S1E1Nw%2BiHl9yOXmCkvY7X26TkLUR,--,--,108,6
34,09:55,Y,29,20300303,0,正常车次，不受控,0,1707,19,成都,CDW,上海,01,SHH,--,--,0,01:05,65,H2,,--,10,--,1430,W3431333,1413,0712,33,上海,SHH,08:50,20161229,K290,--,苏州,02,SZH,,550000K29056,3,2,--,无,--,10401030,AuOfkGhpIdNHdxJ34kcKepIZFNQpIw7XSMCvQyTgvV1fwt%2BOkwrOaDBZua8%3D,133,386,--,--
35,09:30,Y,29,20300303,0,正常车次，不受控,0,0705,07,南京,NJH,上海虹桥,01,AOH,--,--,1,00:36,36,H3,,--,--,--,1330,O3M3W3,OMO,0712,33,上海虹桥,AOH,08:54,20161229,G7104,--,苏州,03,SZH,,5l000G710460,3,3,--,无,--,O0M0O0,nHN1ANnKCRP9N%2BvxgBT7K%2Fsv1ozUelLYjLnBKhgfCERKw3HL,--,--,499,20
36,09:17,Y,29,20170123,0,正常车次，不受控,0,1222,13,郑州东,ZAF,上海虹桥,09,AOH,--,--,1,00:23,23,H3,,--,--,--,0930,O3M393,OM9,0910,08,宁波,NGH,08:54,20161229,G1866,9,苏州北,10,OHH,,5e000G186600,3,2,--,--,--,O0M090,24A722XEjKANqY1z5iQis5Ebi56cC8bX5l42UMfRFmsRsNkH,--,--,896,43
37,10:02,Y,29,20300303,0,正常车次，不受控,0,2201,25,西宁,XNO,上海,01,SHH,--,--,0,01:06,66,H3,,--,15,--,1430,W3431333,1413,0712,33,上海,SHH,08:56,20161229,K376,--,苏州,03,SZH,,550000K37691,3,2,--,无,--,10401030,QYf%2BisoCSR7qUnC2nJhyls1bm6S3VZnGLlGj3wZxTLwGsS7aDhVuyHOD3Ss%3D,64,348,--,--
38,09:25,Y,29,20300303,0,正常车次，不受控,0,0705,07,南京,NJH,上海,01,SHH,--,--,1,00:25,25,H2,,--,--,--,1430,O3W3M3P3,OMOP,0712,33,上海,SHH,09:00,20161229,G7006,--,苏州,02,SZH,,55000G700651,3,3,18,无,--,O0M0O0P0,xPXnkn0hSMTK6iETE60bHuQAupH7S%2BJ8Kq8v9tXdGgjwYDyoiohJ4UqQ8XY%3D,--,--,953,25
39,09:36,Y,29,20300303,0,正常车次，不受控,0,0705,07,南京,NJH,上海,01,SHH,--,--,1,00:31,31,H3,,--,--,--,1430,O3M3W3,OMO,0712,33,上海,SHH,09:05,20161229,G7038,--,苏州,03,SZH,,55000G703850,3,3,--,无,--,O0M0O0,Zc2%2F1Wjq0nyvZ98MjpyK1AaUTXDFEIl%2BoRrdoWKb%2BhA2R3L7,--,--,523,50
40,09:31,Y,29,20300303,0,正常车次，不受控,0,0614,12,青岛,QDK,上海虹桥,01,AOH,--,--,1,00:23,23,H1,,--,--,--,1330,O3M393,OM9,0712,33,上海虹桥,AOH,09:08,20161229,G230,14,苏州北,02,OHH,,5l0000G23020,3,2,--,--,--,O0M090,YhdWPeTlLwFM8EHBmi5VpLLWgiWIgqTmsfjnjGuKAJgJHCwL,--,--,149,2
41,10:19,Y,29,20300303,0,正常车次，不受控,0,0110,05,长春,CCT,上海,01,SHH,--,--,0,01:03,63,H3,,--,4,--,1430,W3431333,1413,0712,33,上海,SHH,09:16,20161229,K516,--,苏州,03,SZH,,550000K51680,3,2,--,12,--,10401030,cTKHY9wrvyQ4gijBoONcxvPyZz9qRrhulMPdiLetWnLHDGOoC3Fz6yX1%2FJk%3D,96,138,--,--
42,09:44,Y,29,20300303,0,正常车次，不受控,0,1314,14,武昌,WCN,上海虹桥,01,AOH,--,--,1,00:28,28,H3,,--,--,--,1330,O3M3W3,OMO,0712,33,上海虹桥,AOH,09:16,20161229,D3022,--,苏州,02,SZH,动车,5l000D302240,3,2,--,96,--,O0M0O0,lfViRZmRVvS61peywEaSsRHVeJY2NCU2aydKBTAjAVm4XdDm,--,--,91,13
43,09:52,Y,29,20300303,0,正常车次，不受控,0,0709,07,无锡,WXH,上海,01,SHH,--,--,1,00:33,33,H3,,--,--,--,1430,O3M3W3,OMO,0712,33,上海,SHH,09:19,20161229,G7202,--,苏州,03,SZH,,55000G720280,3,3,--,无,--,O0M0O0,w3PJ2yTkL2exRa9IOeKvEwfK55vW29DBBQUPH%2FltuLrjiUkj,--,--,531,39
44,10:25,Y,29,20300303,0,正常车次，不受控,0,2302,26,银川,YIJ,上海,01,SHH,--,--,0,01:02,62,H3,,--,17,--,1430,W3431333,1413,0712,33,上海,SHH,09:23,20161229,K360,--,苏州,03,SZH,,550000K36071,3,2,--,无,--,10401030,trIXqxMjyA5tz9fTzscYNQHIcL32r5fa%2F8%2FtAHbonLp7FvyGSwxh8wPQXxA%3D,67,185,--,--
45,10:00,Y,29,20300303,0,正常车次，不受控,0,0809,09,合肥南,ENH,上海虹桥,11,AOH,--,--,1,00:33,33,H2,,--,--,--,1330,O393W3M3,O9MO,0917,08,江山,JUH,09:27,20161229,G7372,26,苏州,13,SZH,,56000G737212,3,3,--,无,--,O090M0O0,eJezDRsyW1uDLEmUV8yf%2BU3NDjw0OmXbNv3LF%2FxJb2hF1uBRsDJcLIdNlKM%3D,--,--,84,143
46,10:05,Y,29,20170119,0,正常车次，不受控,0,0816,09,安庆,AQH,上海虹桥,01,AOH,--,--,1,00:33,33,H1,,--,--,--,1330,O393M3W3,O9OM,0712,33,上海虹桥,AOH,09:32,20161229,G7132,20,苏州,03,SZH,,5l000G713290,3,3,--,无,--,O090O0M0,%2BPfFpjxxDsUYDoCYNn1qoPwR1%2BaDTfwpKnDY5k61CXOAVkcv49jqr%2FFZwXY%3D,--,--,68,1
47,10:10,Y,29,20300303,0,正常车次，不受控,0,0809,09,合肥南,ENH,上海虹桥,04,AOH,--,--,1,00:33,33,H1,,--,--,--,1330,O393W3M3,O9MO,0904,08,杭州东,HGH,09:37,20161229,G7564,26,苏州,06,SZH,,56000G756401,3,3,--,无,--,O090M0O0,BFSJB5cvHk58W98LEJY8pvHYr1CQjSKA01pYBMEtwizJKLtyq%2BNzfN%2BWhaU%3D,--,--,22,144
48,10:02,Y,29,20300303,0,正常车次，不受控,0,0034,06,哈尔滨西,VAB,上海虹桥,01,AOH,--,--,1,00:23,23,H2,,--,--,--,1330,O393M3,OM9,0712,33,上海虹桥,AOH,09:39,20161229,G1204,5,苏州北,02,OHH,,5l000G120422,3,2,--,--,--,O0M090,YCKxDCjmazwbWj0qssw5SjGq5%2FxwJv%2Bm9Uvj0RFfG83wSkDJ,--,--,283,15
49,10:30,Y,29,20300303,0,正常车次，不受控,0,0705,07,南京,NJH,上海,01,SHH,--,--,1,00:42,42,H3,,--,--,--,1430,O3M3W3,OMO,0712,33,上海,SHH,09:48,20161229,G7040,--,苏州,04,SZH,,55000G704080,3,3,--,无,--,O0M0O0,pOf56XZLwlxmX4Z5HQs%2FfaCknyMdiZV442aPVG%2BeCJHYXUBP,--,--,533,49
50,11:30,Y,29,20300303,0,正常车次，不受控,0,0710,07,苏州,SZH,上海南,19,SNH,--,--,0,01:38,98,G2,,--,2,--,1530,W3431333,1413,1116,11,赣州,GZG,09:52,20161228,K470,--,苏州,21,SZH,,570000K4700C,3,2,--,506,--,10401030,9x9K2656GPeQxVM9fi2eMk00wtAifAfWrySfgJh3uoiwKcF%2BbpI7yRJ%2Bax0%3D,9,681,--,--
51,10:17,Y,29,20300303,0,正常车次，不受控,0,0357,31,北京南,VNP,上海虹桥,01,AOH,--,--,1,00:23,23,H1,,--,--,--,1330,O3M393,OM9,0712,33,上海虹桥,AOH,09:54,20161229,G118,无,苏州北,02,OHH,,5l0000G11830,3,2,--,--,--,O0M090,Q1JUrDsmkqqNE0jBufGYnOuFvQy7wUDm%2FU8zzdxQ%2Bjd5WsD%2F,--,--,151,35
52,10:25,Y,29,20300303,0,正常车次，不受控,0,0705,07,南京,NJH,上海,01,SHH,--,--,1,00:25,25,H2,,--,--,--,1430,O3M3W3P3,OOMP,0712,33,上海,SHH,10:00,20161229,G7008,--,苏州,02,SZH,,55000G700865,3,3,24,无,--,O0O0M0P0,uPVTo%2FA36YwWR%2F8%2F3NM7WAjwQ7yv2V9lZf%2FhyXxIl4jS68fceoz%2FIkJQjjA%3D,--,--,975,52
53,10:41,Y,29,20300303,0,正常车次，不受控,0,0705,07,南京,NJH,上海,01,SHH,--,--,1,00:32,32,H3,,--,--,--,1430,O393W3M3,O9MO,0712,33,上海,SHH,10:09,20161229,G7042,10,苏州,03,SZH,,55000G704290,3,3,--,无,--,O090M0O0,Cdmw0mH3SFnZ5HXyIvJt%2FT%2Fd0VH3LyMIAeZOM1JcDWSN4X93jQXh%2FYKOAV8%3D,--,--,485,28
54,10:46,Y,29,20300303,0,正常车次，不受控,0,1314,14,汉口,HKN,上海虹桥,01,AOH,--,--,1,00:31,31,H2,,--,--,--,1330,O3M3W3,OMO,0712,33,上海虹桥,AOH,10:15,20161229,D3090,--,苏州北,03,OHH,动车,5l000D309030,3,2,--,无,--,O0M0O0,z6HU3rEx%2B1w4D2GXrMhiNETD2gkTvGo34SODDwydaAMOL51n,--,--,19,6
55,10:52,Y,29,20300303,0,正常车次，不受控,0,1314,14,汉口,HKN,上海虹桥,01,AOH,--,--,1,00:34,34,H1,,--,--,--,1330,O3M3W3,OMO,0712,33,上海虹桥,AOH,10:18,20161229,D3068,--,苏州,03,SZH,动车,5l000D306880,3,2,--,83,--,O0M0O0,CJ%2B27T1ZtIBECuL8lOwajpTqg4TN%2B6k7b20f8Ygv0QirU6SU,--,--,46,无
56,11:24,Y,29,20300303,0,正常车次，不受控,0,1607,17,南宁,NNZ,上海,01,SHH,--,--,0,01:03,63,H2,,--,18,--,1430,W3431333,1413,0712,33,上海,SHH,10:21,20161229,K1556,--,苏州,03,SZH,,55000K155641,3,2,--,无,--,10401030,2kfgPY2ZZn1sfLB80WMAB1WmZGa6J1wwo0LJn1DBVhyCn8UzhOlKJ84L65U%3D,115,43,--,--
57,10:56,Y,29,20300303,0,正常车次，不受控,0,0816,09,安庆,AQH,上海虹桥,01,AOH,--,--,1,00:26,26,H1,,--,--,--,1330,O3M3W3,OMO,0712,33,上海虹桥,AOH,10:30,20161229,G7136,--,苏州,02,SZH,,5l000G713670,3,3,--,无,--,O0M0O0,EyN%2BNcuGKO04TEmc1xWAMhleHAcT3P8Yvk5FkX6urKLIndTb,--,--,68,2
58,11:02,Y,29,20300303,0,正常车次，不受控,0,0110,05,长春,CCT,上海虹桥,01,AOH,--,--,1,00:29,29,H2,,--,--,--,1330,O3M3P3,OMP,0712,33,上海虹桥,AOH,10:33,20161229,G1236,--,苏州北,03,OHH,,5l000G123630,3,2,12,--,--,O0M0P0,RWRz2cc2CYiX%2B9DzWmmngmH%2BKj%2BwPw%2FG3iKfuAxYJMKkCEZ7,--,--,14,1
59,11:05,Y,29,20300303,0,正常车次，不受控,0,0809,09,合肥南,ENH,上海,01,SHH,--,--,1,00:25,25,H2,,--,--,--,1430,O393M3W3,O9OM,0712,33,上海,SHH,10:40,20161229,G7236,26,苏州,02,SZH,,55000G723681,3,3,--,无,--,O090O0M0,AjtYHZ6LAUh3i9Lcl9tSudVbUHWgEuL4UnoxGLSuWo0zdI0DZ4VzX2UAEdA%3D,--,--,267,99
60,11:09,Y,29,20300303,0,正常车次，不受控,0,0357,31,北京南,VNP,上海虹桥,01,AOH,--,--,1,00:23,23,H1,,--,--,--,1330,O3M393,OM9,0712,33,上海虹桥,AOH,10:46,20161229,G122,无,苏州北,02,OHH,,5l0000G12270,3,2,--,--,--,O0M090,86kD1ulKCi7n5dVQZFR205cA09H4mU4uTLVEkb%2BSaR58odXZ,--,--,282,13
61,11:18,Y,29,20300303,0,正常车次，不受控,0,0705,07,南京,NJH,上海,01,SHH,--,--,1,00:32,32,H3,,--,--,--,1430,O3M3W3,OMO,0712,33,上海,SHH,10:46,20161229,G7044,--,苏州,03,SZH,,55000G704480,3,3,--,无,--,O0M0O0,3pIdc6uxLTjssub3JfiZIMf5dNpR6yj0FyVpnmdWRbI0EwQs,--,--,530,50
62,11:17,Y,29,20300303,0,正常车次，不受控,0,0809,09,合肥南,ENH,上海虹桥,10,AOH,--,--,1,00:23,23,H1,,--,--,--,1330,O393W3M3,O9MO,0916,08,衢州,QEH,10:54,20161229,G7386,26,苏州北,11,OHH,,56000G738662,3,3,--,无,--,O090M0O0,t1HfOtF7K0TjNfNlovOkEcSu7r5h6gDbOHGzvT0GTfdh9zqLtPuFUKlKU90%3D,--,--,116,147
63,11:30,Y,29,20300303,0,正常车次，不受控,0,0819,09,六安,UAH,上海,01,SHH,--,--,1,00:36,36,H3,,--,--,--,1430,O393W3M3,O9MO,0712,33,上海,SHH,10:54,20161229,G7240,13,苏州,03,SZH,,55000G724042,3,3,--,无,--,O090M0O0,K3%2BXJQNuCWdogQmD7Wfv8H%2FBSerzEXgiRCFos8kRgBqKxNiErLZ6CnjX55g%3D,--,--,190,101
64,11:25,Y,29,20300303,0,正常车次，不受控,0,0705,07,南京,NJH,上海,01,SHH,--,--,1,00:25,25,H3,,--,--,--,1430,O3M3W3P3,OOMP,0712,33,上海,SHH,11:00,20161229,G7010,--,苏州,02,SZH,,55000G701081,3,3,18,无,--,O0O0M0P0,GeRYF5l0tJCKC2G4W87t%2B2li%2FvlCZL9%2FIFWEve6jwwc%2F2oDFuYlfdn2Meg4%3D,--,--,975,32
65,12:08,Y,29,20300303,0,正常车次，不受控,0,2201,25,西宁,XNO,上海,01,SHH,--,--,0,01:05,65,H1,,--,23,--,1430,W3431333,1413,0712,33,上海,SHH,11:03,20161229,K2186,--,苏州,03,SZH,,55000K218603,3,2,--,146,--,10401030,p9YMbmutahDTuAoaVS1YJB0PjwXPvXWE3kvpfoZvNJ0xj6umFB%2FqTrIF4og%3D,253,231,--,--
66,11:37,Y,29,20300303,0,正常车次，不受控,0,0705,07,南京,NJH,上海虹桥,01,AOH,--,--,1,00:32,32,H1,,--,--,--,1330,O3M3W3,OMO,0712,33,上海虹桥,AOH,11:05,20161229,G7106,--,苏州,03,SZH,,5l000G710600,3,3,--,无,--,O0M0O0,jNXpqtONsRxZHOae%2FPry4YXsxEQRsNrt1MSP0waqG57CsSC0,--,--,484,46
67,11:33,Y,29,20170112,0,正常车次，不受控,0,0357,31,北京南,VNP,上海虹桥,01,AOH,--,--,1,00:23,23,H1,,--,--,--,1330,O3M393,OM9,0712,33,上海虹桥,AOH,11:10,20161229,G126,无,苏州北,02,OHH,,5l0000G126A1,3,2,--,--,--,O0M090,KwEN8j0R8DIWLawUwyCd3G6e5YlVO3MwS77M%2ByR78PHOKu4F,--,--,123,33
68,11:42,Y,29,20300303,0,正常车次，不受控,0,0805,09,淮南东,HOH,上海虹桥,14,AOH,--,--,1,00:32,32,H2,,--,--,--,1330,O3M3W3,OMO,0920,08,温州南,VRH,11:10,20161229,G7572,--,苏州,16,SZH,,5j000G757240,3,3,--,无,--,O0M0O0,MRKESmhh2VGJLgbBLYI3lcCL0WwQCf3kZbOdZE4sab%2BEVBzG,--,--,11,无
69,12:14,Y,29,20300303,0,正常车次，不受控,0,0365,01,石家庄,SJP,上海,01,SHH,--,--,0,01:02,62,H3,,--,14,--,1430,W3431333,1413,0712,33,上海,SHH,11:12,20161229,K234,--,苏州,03,SZH,,550000K23411,3,2,--,20,--,10401030,zYCjwFBCMQAJdbOwUjTTLFtUXAMMFgms4eCUyLbA3HXtV9YGS4gopX4%2FqHc%3D,125,556,--,--
70,11:49,Y,29,20300303,0,正常车次，不受控,0,0809,09,合肥南,ENH,上海,01,SHH,--,--,1,00:32,32,H2,,--,--,--,1430,O3M3W3,OMO,0712,33,上海,SHH,11:17,20161229,G7264,--,苏州,03,SZH,,55000G726472,3,3,--,无,--,O0M0O0,JRctPURm%2BYm94w4zIKdBQyEoDlofdqR8L38FcGuy2p3TT2i9,--,--,103,50
71,12:20,Y,29,20300303,0,正常车次，不受控,0,1707,19,成都,CDW,上海,01,SHH,--,--,0,01:02,62,H1,,--,18,--,1430,W3431333,1431,0712,33,上海,SHH,11:18,20161229,K1156,--,苏州,03,SZH,,55000K115641,3,2,--,8,--,10403010,AJ2gqZkymaGC9%2Bc9pL7ViCu5pyqn4KtB7IRSvsjLYtzDV4K3ThaZUALmMdI%3D,39,160,--,--
72,11:43,Y,29,20300303,0,正常车次，不受控,0,0220,04,大连北,DFT,上海虹桥,01,AOH,--,--,1,00:23,23,H2,,--,--,--,1330,O3M393,OM9,0712,33,上海虹桥,AOH,11:20,20161229,G1252,5,苏州北,02,OHH,,5l000G125240,3,2,--,--,--,O0M090,riclqIdCpAqF7gsoSxfmJvhl4VQ67yVLdBnsEgLyPPzAiTPH,--,--,19,5
73,11:49,Y,29,20300303,0,正常车次，不受控,0,0357,31,北京南,VNP,上海虹桥,01,AOH,--,--,1,00:23,23,H1,,--,--,--,1330,O3M393,OM9,0712,33,上海虹桥,AOH,11:26,20161229,G130,5,苏州北,02,OHH,,5l0000G13061,3,2,--,--,--,O0M090,uYvcap7M6OimDUDvBwxaIuHhvQp9PFgg353hjkDsiNz6nL9Q,--,--,30,14
74,12:00,Y,29,20300303,0,正常车次，不受控,0,0708,07,常州,CZH,上海虹桥,05,AOH,--,--,1,00:33,33,H3,,--,--,--,1330,O393W3M3,O9MO,0904,08,杭州,HZH,11:27,20161229,G7354,5,苏州,07,SZH,,56000G735460,3,3,--,无,--,O090M0O0,TysIFWCiikE%2Bq9xuGy%2BDfHvJ2vnat6no9KvxCrmRpVVPoTMpcUGgV6tLiL8%3D,--,--,161,26
75,12:06,Y,29,20300303,0,正常车次，不受控,0,0812,09,芜湖,WHH,上海,01,SHH,--,--,1,00:32,32,H1,,--,--,--,1430,O3M3W3,OMO,0712,33,上海,SHH,11:34,20161229,G7282,--,苏州,03,SZH,,55000G728200,3,3,--,无,--,O0M0O0,2tE38vOko8X%2FXlhgauRrB9AP0ySdH59vcIKqPqOQSt1caZCu,--,--,64,50
76,12:11,Y,29,20300303,0,正常车次，不受控,0,0705,07,南京,NJH,上海虹桥,01,AOH,--,--,1,00:31,31,H1,,--,--,--,1330,O393W3M3,O9MO,0712,33,上海虹桥,AOH,11:40,20161229,G7108,10,苏州,03,SZH,,5l000G710800,3,3,--,无,--,O090M0O0,%2BKv0lKbcQJ3tFCVD75OtP6SArqV07WyRNvQQVC104Uh4U1L6HOwtCY2IXt4%3D,--,--,433,28
77,12:54,Y,29,20300303,0,正常车次，不受控,0,0365,01,石家庄北,VVP,上海,01,SHH,--,--,0,01:10,70,H2,,--,45,--,1430,W3431333,1413,0712,33,上海,SHH,11:44,20161229,K1012,--,苏州,03,SZH,,55000K101251,3,2,--,无,--,10401030,FBsWOJQk%2F1aVCm9TEmWASqC6wWgbCz24b0UkFeFmMpzSdO6Iur%2FYZm3Ri%2Bs%3D,95,306,--,--
78,12:30,Y,29,20300303,0,正常车次，不受控,0,0708,07,常州,CZH,上海虹桥,11,AOH,--,--,1,00:42,42,H2,,--,--,--,1330,O3M3W3,OMO,0920,08,温州南,VRH,11:48,20161229,G7586,--,苏州,14,SZH,,5j000G758640,3,3,--,无,--,O0M0O0,qO1r%2FhuwH6MBJwFlIjxPsb%2BGoQzTSE18ZCJVmlMLZsBe3r2W,--,--,102,38
79,13:26,Y,29,20300303,0,正常车次，不受控,0,1220,13,信阳,XUN,上海,01,SHH,--,--,0,01:36,96,H3,,--,9,--,1430,W3431333,1413,0712,33,上海,SHH,11:50,20161229,K464,--,苏州,03,SZH,,550000K46402,3,2,--,无,--,10401030,nxJQE3vWM3dcVJSifI8do%2FjxX8YNcObhbDMld93jJ3hTvXt2HvwaYHvhgmw%3D,140,765,--,--
80,12:29,Y,29,20300303,0,正常车次，不受控,0,0405,02,太原南,TNV,上海虹桥,01,AOH,--,--,1,00:30,30,H1,,--,--,--,1330,O3M393,OM9,0712,33,上海虹桥,AOH,11:59,20161229,G1956,13,苏州北,03,OHH,,5l000G195600,3,2,--,--,--,O0M090,SOjDiNqSINQSMwaDBXI0%2FamEHQEqMXv08f0LViUyrxERYNNJ,--,--,835,21
81,12:25,Y,29,20300303,0,正常车次，不受控,0,0705,07,南京,NJH,上海,01,SHH,--,--,1,00:25,25,H3,,--,--,--,1430,O3M3W3P3,OOMP,0712,33,上海,SHH,12:00,20161229,G7012,--,苏州,02,SZH,,55000G701281,3,3,18,无,--,O0O0M0P0,iY5CaH2f%2BO5%2BL3pOXRx2MffwoJEPfKUV1RBHRLgnPSi%2BzHXqAYDwWhUQvzE%3D,--,--,973,29
82,13:00,Y,29,20300303,0,正常车次，不受控,0,2482,27,伊宁,YMR,上海,01,SHH,--,--,0,00:55,55,H2,,--,14,--,1430,W3431333,1413,0712,33,上海,SHH,12:05,20161229,T204,--,苏州,03,SZH,,550000T20431,3,2,--,2,--,10401030,ri6gvZHQ0ci%2BZ6b6gNFuNI8H0y2CkffgJHSo5OEAnQsa2HZqhpd5DTxyXnQ%3D,90,113,--,--
83,12:36,Y,29,20300303,0,正常车次，不受控,0,0809,09,合肥南,ENH,上海,01,SHH,--,--,1,00:25,25,H3,,--,--,--,1430,O3M3W3,OMO,0712,33,上海,SHH,12:11,20161229,G7244,--,苏州,02,SZH,,55000G724440,3,3,--,无,--,O0M0O0,TtqfBb%2B7hkXJTFVwKMk7ehFtObvhazvdIrFrtivWlLKX3hx1,--,--,1,4
84,12:35,Y,29,20170112,0,正常车次，不受控,0,0357,31,北京南,VNP,上海虹桥,01,AOH,--,--,1,00:23,23,H1,,--,--,--,1330,O3M393,OM9,0712,33,上海虹桥,AOH,12:12,20161229,G132,5,苏州北,02,OHH,,5l0000G132B1,3,2,--,--,--,O0M090,hEJF%2FwBd1v%2FO7xbKHvk7hFq8zMg8I0uI7wUSj71u%2B59CefNZ,--,--,164,24
85,12:41,Y,29,20300303,0,正常车次，不受控,0,0819,09,六安,UAH,上海虹桥,17,AOH,--,--,1,00:25,25,H2,,--,--,--,1330,O393M3W3,O9OM,0979,08,苍南,CEH,12:16,20161229,G7576,无,苏州,18,SZH,,5j000G757620,3,3,--,无,--,O090O0M0,0q%2B%2FM7SfRAMjddzF%2F6ykEY9LOGTO3N14DX9ZuV804Mzszr3KVIqDMyCVCzk%3D,--,--,2,无
86,12:40,Y,29,20300303,0,正常车次，不受控,0,0611,12,烟台,YAK,上海虹桥,01,AOH,--,--,1,00:23,23,H2,,--,--,--,1330,O3M393,OM9,0712,33,上海虹桥,AOH,12:17,20161229,G460,16,苏州北,02,OHH,,5l0000G46060,3,2,--,--,--,O0M090,Dqz53pyk9cen7MaTKjqFKkQKBOEX8dmbELC%2F5JACp1hosdRS,--,--,148,58
87,13:20,Y,29,20300303,0,正常车次，不受控,0,0357,31,北京,BJP,上海,01,SHH,--,--,0,01:02,62,H2,,--,--,--,1430,W31333,113,0712,33,上海,SHH,12:18,20161229,1462,--,苏州,03,SZH,直特,5500001462H0,3,2,--,无,--,101030,8ud0EMTT2q702L%2Bc8h2PDVEH2JJCUy2U7Um%2BS5nOnXWCI1z5,74,818,--,--
88,12:51,Y,29,20300303,0,正常车次，不受控,0,0705,07,南京,NJH,上海,01,SHH,--,--,1,00:31,31,H2,,--,--,--,1430,O3M3W3,OMO,0712,33,上海,SHH,12:20,20161229,G7046,--,苏州,03,SZH,,55000G704680,3,3,--,无,--,O0M0O0,aQUg%2BHgDP7XrZwJ80MhmtNztLZXMTLVmh4A5E8SPscAR6ebh,--,--,532,49
89,12:58,Y,29,20300303,0,正常车次，不受控,0,0705,07,南京,NJH,上海,01,SHH,--,--,1,00:33,33,H3,,--,--,--,1430,O3M3W3,OMO,0712,33,上海,SHH,12:25,20161229,G7048,--,苏州,03,SZH,,55000G704870,3,3,--,无,--,O0M0O0,iM2jj22B7jxjCROMRcFa3Pb4%2BfbQVpKGek0iNcIo8ActKYmU,--,--,525,50
90,13:32,Y,29,20300303,0,正常车次，不受控,0,1105,11,鹰潭,YTG,上海,01,SHH,--,--,0,01:04,64,H2,,--,3,--,1430,W3431333,1413,0712,33,上海,SHH,12:28,20161229,K782,--,苏州,03,SZH,,550000K78240,3,2,--,无,--,10401030,zNvaA79ccCSZomm1XYARV6ceYUq2nsgaypZXW%2FnMLGje2bnjLeP4DUFKYVc%3D,20,262,--,--
91,13:04,Y,29,20300303,0,正常车次，不受控,0,1205,13,焦作,JOF,上海虹桥,01,AOH,--,--,1,00:30,30,H1,,--,--,--,1330,O3M393,OM9,0712,33,上海虹桥,AOH,12:34,20161229,G1810,14,苏州北,03,OHH,,5l000G181010,3,2,--,--,--,O0M090,MENJ0nqdEHBuvi9BJNdCF9APr9dtid5GfRL0E5y7a6KyQwcl,--,--,814,29
92,13:15,Y,29,20300303,0,正常车次，不受控,0,0701,07,徐州东,UUH,上海,01,SHH,--,--,1,00:35,35,H1,,--,--,--,1430,O3M3W3,OMO,0712,33,上海,SHH,12:40,20161229,G7296,--,苏州北,03,OHH,,55000G729602,3,3,--,无,--,O0M0O0,SFrozfuf6bA9s1pJJwQ%2F1nL1WU0IvloJ8pxjmY0BpBqTH%2FYv,--,--,103,9
93,13:18,Y,29,20300303,0,正常车次，不受控,0,0705,07,南京,NJH,上海虹桥,01,AOH,--,--,1,00:32,32,H1,,--,--,--,1330,O393M3W3,O9OM,0712,33,上海虹桥,AOH,12:46,20161229,G7110,10,苏州,03,SZH,,5l000G711000,3,3,--,无,--,O090O0M0,9qTwkVL9gmXTwCa1LBxTRDpD7lPkxil1nExt7IUOEb6uV5Tln%2Bk028Z%2B0Fo%3D,--,--,468,28
94,13:30,Y,29,20300303,0,正常车次，不受控,0,0816,09,安庆,AQH,上海,01,SHH,--,--,1,00:36,36,H1,,--,--,--,1430,O393M3W3,O9OM,0712,33,上海,SHH,12:54,20161229,G7088,12,苏州,03,SZH,,55000G708850,3,3,--,无,--,O090O0M0,6rKP%2BSLRhIE1kRYCZmNKgmtCFXzmF5lxQr70rW324gjr3HhUOcMguZEV9vU%3D,--,--,94,1
95,13:25,Y,29,20300303,0,正常车次，不受控,0,0705,07,南京,NJH,上海,01,SHH,--,--,1,00:25,25,H3,,--,--,--,1430,O3W3M3P3,OMOP,0712,33,上海,SHH,13:00,20161229,G7014,--,苏州,02,SZH,,55000G701491,3,3,18,无,--,O0M0O0P0,vJiZx4VyJjb12%2BcGGYg9ARKJqINxNWMcfpz%2BInoVu2vqKWqnfG7VoJb2eQ0%3D,--,--,972,32
96,13:42,Y,29,20300303,0,正常车次，不受控,0,0705,07,南京,NJH,上海虹桥,01,AOH,--,--,1,00:32,32,H1,,--,--,--,1330,O3M3W3,OMO,0712,33,上海虹桥,AOH,13:10,20161229,G7112,--,苏州,03,SZH,,5l000G711200,3,3,--,无,--,O0M0O0,BhgXR7CmIaUKNwRFJ6KYSYBtAJ%2FtKu6%2BaPNyThB%2FniPOom1j,--,--,490,50
97,13:49,Y,29,20300303,0,正常车次，不受控,0,0809,09,合肥南,ENH,上海,01,SHH,--,--,1,00:33,33,H3,,--,--,--,1430,O393W3M3,O9MO,0712,33,上海,SHH,13:16,20161229,G7248,10,苏州,03,SZH,,55000G7248A2,3,3,--,无,--,O090M0O0,4d1Qj03pVi1uBOpGWO831OK3ilsGkqC5rl%2F4izZMdG5il52Bxs3krX6sFrk%3D,--,--,124,26
98,14:33,Y,29,20300303,0,正常车次，不受控,0,0623,12,日照,RZK,上海,01,SHH,--,--,0,01:15,75,H3,,--,28,--,1430,W3431333,1413,0712,33,上海,SHH,13:18,20161229,K172,--,苏州,03,SZH,,550000K17203,3,2,--,无,--,10401030,MjCbGzJTAHhmZhJaGo%2BbmSXb4EfLUjUB7T8rThsngCs7hapc5EYevf4LnGU%3D,268,623,--,--
99,14:04,Y,29,20300303,0,正常车次，不受控,0,1314,14,汉口,HKN,上海虹桥,01,AOH,--,--,1,00:34,34,H2,,--,--,--,1330,O3M3W3,OMO,0712,33,上海虹桥,AOH,13:30,20161229,D3026,--,苏州,03,SZH,动车,5l000D302610,3,2,--,77,--,O0M0O0,W3xzJkhClSBv8dRYcI7005Oe6Otq3MuJ7gtC8%2B4P9dM7F%2F9T,--,--,47,8
100,13:53,Y,29,20300303,0,正常车次，不受控,0,0357,31,北京南,VNP,上海虹桥,01,AOH,--,--,1,00:23,23,H1,,--,--,--,1330,O3M393,OM9,0712,33,上海虹桥,AOH,13:30,20161229,G138,2,苏州北,02,OHH,,5l0000G13850,3,2,--,--,--,O0M090,HzjyEse4CZnoNvM98BbNJHuf90MqxfpDosMhjj%2B4XP5W0Yie,--,--,112,87
101,14:54,Y,29,20300303,0,正常车次，不受控,0,0710,07,苏州,SZH,上海南,22,SNH,--,--,0,01:20,80,Q9,,--,4,--,1530,W3431333,1413,1403,15,怀化,HHQ,13:34,20161228,K808,--,苏州,25,SZH,,640000K80810,3,2,--,无,--,10401030,hIuWCmKQWhPWrHHrc3pODPdcdnBrh53ZTIPaao%2ByDVrBeIK3Gt7mHBQ9XkM%3D,49,145,--,--
102,14:00,Y,29,20300303,0,正常车次，不受控,0,0357,31,北京南,VNP,上海虹桥,01,AOH,--,--,1,00:23,23,H1,,--,--,--,1330,O3M393,OM9,0712,33,上海虹桥,AOH,13:37,20161229,G140,无,苏州北,02,OHH,,5l0000G14041,3,2,--,--,--,O0M090,THNgjtTBaePman%2F%2FurpdZcwVdwegtnTNwnMCdyaWajAHuTV%2F,--,--,27,1
103,14:41,Y,29,20300303,0,正常车次，不受控,0,1717,34,重庆北,CUW,上海,01,SHH,--,--,0,01:03,63,H1,,--,13,--,1430,W3431333,1413,0712,33,上海,SHH,13:38,20161229,K1152,--,苏州,03,SZH,,55000K115231,3,2,--,2,--,10401030,L0kdpH7ZPmvaBA%2FQint36UE1CVyfKY%2FNOdW1JRHgRHC7ULz1naHHkLHj9rw%3D,182,336,--,--
104,14:47,Y,29,20300303,0,正常车次，不受控,0,1201,13,安阳,AYF,上海,01,SHH,--,--,0,01:03,63,H2,,--,无,--,1430,W3431333,1413,0712,33,上海,SHH,13:44,20161229,K1102,--,苏州,03,SZH,,55000K110241,3,2,--,无,--,10401030,or7exDj4F563E9DUd67ClRm5mA7Pf7j49EouoZ%2FXEnkdmLYawee9pcjf8Xs%3D,16,221,--,--
105,14:08,Y,29,20300303,0,正常车次，不受控,0,1222,13,郑州东,ZAF,上海虹桥,01,AOH,--,--,1,00:23,23,H1,,--,--,--,1330,O3M393,OM9,0712,33,上海虹桥,AOH,13:45,20161229,G1814,无,苏州北,02,OHH,,5l000G181400,3,2,--,--,--,O0M090,WenazvNOeSwcfe%2BAhsGuz7jFxtxBfvJb77ozLghYq9I5QkZP,--,--,299,5
106,14:20,Y,29,20300303,0,正常车次，不受控,0,0816,09,安庆,AQH,上海,01,SHH,--,--,1,00:32,32,H1,,--,--,--,1430,O393W3M3,O9MO,0712,33,上海,SHH,13:48,20161229,G7092,17,苏州,03,SZH,,55000G7092L0,3,3,--,无,--,O090M0O0,dGHSWGug%2FC0W%2B7h2tJbK6IUIUZ3IzOHvSLZJS%2FXG8liZ4G7pb3o%2FNuW6O%2Fw%3D,--,--,114,28
107,14:32,Y,29,20300303,0,正常车次，不受控,0,1307,14,宜昌东,HAN,上海虹桥,01,AOH,--,--,1,00:39,39,H2,,--,--,--,1330,O3M3W3,OMO,0712,33,上海虹桥,AOH,13:53,20161229,D3006,--,苏州,03,SZH,动车,5l000D300640,3,2,--,无,--,O0M0O0,hBVzh%2Fn9LecU7EKXWa%2BqmYGatkVxsyaOLWlW0nXh7zPUfcY6,--,--,156,8
108,14:25,Y,29,20300303,0,正常车次，不受控,0,0705,07,南京,NJH,上海,01,SHH,--,--,1,00:25,25,H2,,--,--,--,1430,O3W3M3P3,OMOP,0712,33,上海,SHH,14:00,20161229,G7016,--,苏州,02,SZH,,55000G701665,3,3,18,无,--,O0M0O0P0,ITkxhidNHpadxAtICeKXOIdWBAY8LBBdNyjF0f708qY7JuC%2Blzv%2FsGZLjwA%3D,--,--,967,31
109,14:28,Y,29,20300303,0,正常车次，不受控,0,0614,12,青岛,QDK,上海虹桥,01,AOH,--,--,1,00:23,23,H1,,--,--,--,1330,O3M393,OM9,0712,33,上海虹桥,AOH,14:05,20161229,G226,无,苏州北,02,OHH,,5l0000G226H1,3,2,--,--,--,O0M090,oC1dk7UTJOZG5n8o5iCe3CVna8xoCGNlFM4LgzYI1YQtllH6,--,--,62,92
110,15:20,Y,29,20300303,0,正常车次，不受控,0,1209,13,洛阳,LYF,上海,01,SHH,--,--,0,01:14,74,H3,,--,3,--,1430,W3431333,1413,0712,33,上海,SHH,14:06,20161229,K738,--,苏州,03,SZH,,550000K73860,3,2,--,无,--,10401030,HOir6YCUlG1bbU05dyDQsppNnZK9bhGSTukYDe1j41A%2BVB9NQTv1W0zd1AA%3D,12,87,--,--
111,14:39,Y,29,20300303,0,正常车次，不受控,0,0705,07,南京,NJH,上海虹桥,01,AOH,--,--,1,00:32,32,H1,,--,--,--,1330,O393W3M3,O9MO,0712,33,上海虹桥,AOH,14:07,20161229,G7114,4,苏州,03,SZH,,5l000G711400,3,3,--,无,--,O090M0O0,HaAsKGBek2IYIWTU%2FVd44J8gpq3jz%2FUVMC1vM%2Fle4ks%2BBlLOK5jrZxDJ5oo%3D,--,--,356,27
112,14:44,Y,29,20300303,0,正常车次，不受控,0,0805,09,淮南东,HOH,上海,01,SHH,--,--,1,00:32,32,H3,,--,--,--,1430,O3M3W3,OMO,0712,33,上海,SHH,14:12,20161229,G7276,--,苏州,03,SZH,,55000G727630,3,3,--,无,--,O0M0O0,608m6PTFOWRzGtr5sm%2BbyGrJK3MszAge4vBA9ebTDmtDPggM,--,--,170,15
113,24:00,N,0,,1,"列车运行图调整,暂停发售",0,0220,04,大连,DLT,上海,01,SHH,--,--,0,99:59,5999,H3,,--,--,--,,,,0712,33,上海,SHH,24:00,20161229,T132,--,苏州,02,SZH,,550000T13290,,2,--,--,--,,,--,--,--,--
114,15:33,Y,29,20300303,0,正常车次，不受控,0,2302,26,银川,YIJ,上海南,04,SNH,--,--,0,01:07,67,H1,,--,19,--,1530,W3431333,1413,0904,08,杭州,HZH,14:26,20161229,K1806,--,苏州,05,SZH,,56000K180603,3,2,--,无,--,10401030,5vwO06WG3sM8shbAv41i7w081GjKFA5QauYbGrUwrgsMjlnvxS8D7aFDsbY%3D,377,377,--,--
115,15:14,Y,29,20300303,0,正常车次，不受控,0,0705,07,南京,NJH,上海,01,SHH,--,--,1,00:44,44,H3,,--,--,--,1430,O3M3W3,OMO,0712,33,上海,SHH,14:30,20161229,G7050,--,苏州,05,SZH,,55000G705080,3,3,--,无,--,O0M0O0,iM2jj22B7jxjCROMRcFa3Pb4%2BfbQVpKGek0iNcIo8ActKYmU,--,--,525,50
116,14:57,Y,29,20300303,0,正常车次，不受控,0,0708,07,常州,CZH,上海虹桥,06,AOH,--,--,1,00:26,26,H1,,--,--,--,1330,O3M3W3,OMO,0916,08,衢州,QEH,14:31,20161229,G7356,--,苏州,07,SZH,,56000G735640,3,3,--,无,--,O0M0O0,q%2F8nCNYId2%2BOV8X%2B8vJ3fVIMZEDiWMgVY3JDbbk80dDrV7SH,--,--,138,1
117,15:56,Y,29,20300303,0,正常车次，不受控,0,2010,23,延安,YWY,上海,01,SHH,--,--,0,01:07,67,H2,,--,21,--,1430,W3431333,1413,0712,33,上海,SHH,14:49,20161229,K560,--,苏州,03,SZH,,550000K56020,3,2,--,无,--,10401030,cRM8UbA4rBJ%2BM3e5S1%2FS%2FHJ5S9ICKC8a1t%2FL7xLdPnO0F%2FL3trHuYegYHXo%3D,39,358,--,--
118,15:30,Y,29,20300303,0,正常车次，不受控,0,1314,14,汉口,HKN,上海虹桥,01,AOH,--,--,1,00:38,38,H3,,--,--,--,1330,O3M3W3,OMO,0712,33,上海虹桥,AOH,14:52,20161229,D3010,--,苏州,03,SZH,动车,5l000D301050,3,2,--,无,--,O0M0O0,Nw2hnPxv9yyC07Fyo0V6OKJvpbmIwkOTJkOFZiakk0u9hF8P,--,--,376,39
119,15:45,Y,29,20300303,0,正常车次，不受控,0,0511,03,呼和浩特东,NDC,上海,01,SHH,--,1,0,00:50,50,H2,,--,10,--,1430,W343136333,14163,0712,33,上海,SHH,14:55,20161229,Z268,--,苏州,02,SZH,,550000Z26803,3,2,--,无,--,1040106030,0MjkHun4LvbRlCrbl9A4Pei2xDhUwKB3QSv2pnT5ja49nuSqOC9TVTjaW8RTqHj7fk5PtqGUxrc%3D,234,26,--,--
120,15:25,Y,29,20300303,0,正常车次，不受控,0,0705,07,南京,NJH,上海,01,SHH,--,--,1,00:25,25,H3,,--,--,--,1430,O3M3W3P3,OOMP,0712,33,上海,SHH,15:00,20161229,G7018,--,苏州,02,SZH,,55000G7018B2,3,3,18,无,--,O0O0M0P0,NWYPhULqYN41hdqLn0urTTS1dzVixVs2f9Vnoq5fjeZTj8iiIzUCToKiaDU%3D,--,--,961,27
121,16:05,Y,29,20300303,0,正常车次，不受控,0,1216,13,南阳,NFF,上海,01,SHH,--,--,0,01:01,61,H3,,--,无,--,1430,W3431333,1413,0712,33,上海,SHH,15:04,20161229,K1106,--,苏州,03,SZH,,55000K110640,3,2,--,12,--,10401030,LNDaeYJ5kiaWfvs%2BvxDigaenH1fP9Y9GvoHMI72o9JruLOBrzztKFPe14w4%3D,82,96,--,--
122,15:41,Y,29,20300303,0,正常车次，不受控,0,0816,09,安庆,AQH,上海虹桥,01,AOH,--,--,1,00:33,33,H1,,--,--,--,1330,O393M3W3,O9OM,0712,33,上海虹桥,AOH,15:08,20161229,G7140,13,苏州,03,SZH,,5l000G714080,3,3,--,无,--,O090O0M0,zviyi0vgKtcJCF59Bwib%2FPHz6eXFs8hf4L0a2HP22VGk0tOGZD2Xe3R1MSA%3D,--,--,81,28
123,15:50,Y,29,20300303,0,正常车次，不受控,0,1314,14,汉口,HKN,上海虹桥,01,AOH,--,--,1,00:34,34,H3,,--,--,--,1330,O3M3W3,OMO,0712,33,上海虹桥,AOH,15:16,20161229,D3032,--,苏州,03,SZH,动车,5l000D303280,3,2,--,无,--,O0M0O0,qwG5fZMKFpfI3G9prNjkudz9WtLsSXxbFgjDsUL9sG%2BeI1hz,--,--,15,无
124,15:48,Y,29,20300303,0,正常车次，不受控,0,1314,14,武汉,WHN,上海虹桥,01,AOH,--,--,1,00:25,25,H1,,--,--,--,1330,O3M393,OM9,0712,33,上海虹桥,AOH,15:23,20161229,G1736,4,苏州北,02,OHH,,5l000G173600,3,2,--,--,--,O0M090,dONbqk32l1OEznOW557KIoxH2DK8%2FxXxmdTJA4%2BcuSugCTEK,--,--,441,无
125,15:54,Y,29,20300303,0,正常车次，不受控,0,0357,31,北京南,VNP,上海虹桥,01,AOH,--,--,1,00:23,23,H1,,--,--,--,1330,O3M393,OM9,0712,33,上海虹桥,AOH,15:31,20161229,G148,14,苏州北,02,OHH,,5l0000G148C0,3,2,--,--,--,O0M090,JXkgOx%2BNoGKxpeaukmwSuaKZebbLIJPRED0zlqcS0fyrNky8,--,--,256,8
126,16:31,Y,29,20300303,0,正常车次，不受控,0,2102,24,兰州,LZJ,上海,01,SHH,--,--,0,00:59,59,H2,,--,1,--,1430,W3431333,1413,0712,33,上海,SHH,15:32,20161229,T116,--,苏州,02,SZH,,550000T11660,3,2,--,无,--,10401030,mysEqbEVCPXMPe0aYEXBE8ovUiHqTZ71r%2BZ7N6lI%2BBuECo%2F%2FR0BjmZEiuzk%3D,56,200,--,--
127,16:11,Y,29,20300303,0,正常车次，不受控,0,0705,07,南京,NJH,上海,01,SHH,--,--,1,00:32,32,H3,,--,--,--,1430,O3M3W3,OMO,0712,33,上海,SHH,15:39,20161229,G7052,--,苏州,03,SZH,,55000G705270,3,3,--,无,--,O0M0O0,7UN1wosI0heRw1jGG9uRpHuBTz3q%2BW9ZjQVW2jTyh8%2FQ0mDk,--,--,528,49
128,16:37,Y,29,20300303,0,正常车次，不受控,0,2003,23,西安,XAY,上海,01,SHH,--,--,0,00:45,45,H3,,--,无,--,1430,W3431333,1413,0712,33,上海,SHH,15:52,20161229,Z252,--,苏州,02,SZH,,550000Z25200,3,2,--,无,--,10401030,ugCS%2BwpabqOcXhU6sm1mZQfdsnt%2Fswvah0TbfMkDLMqsjb2ZMaRkU1ySRtw%3D,125,169,--,--
129,16:25,Y,29,20300303,0,正常车次，不受控,0,0705,07,南京,NJH,上海,01,SHH,--,--,1,00:25,25,H3,,--,--,--,1430,O3M3W3P3,OOMP,0712,33,上海,SHH,16:00,20161229,G7020,--,苏州,02,SZH,,55000G702081,3,3,18,无,--,O0O0M0P0,SVw5pGWOMRFE4pk3uCrBSkV%2FuknR0p4jufFvJ7aIKUaFseHN7sr0NZOjgFc%3D,--,--,980,32
130,17:06,Y,29,20300303,0,正常车次，不受控,0,0405,02,太原,TYV,上海,01,SHH,--,--,0,01:03,63,H3,,--,13,--,1430,W3431333,1413,0712,33,上海,SHH,16:03,20161229,K372,--,苏州,03,SZH,,550000K37292,3,2,--,无,--,10401030,P06Ukyte2kKgH2P56D4c9%2Ft2wrSH3QWqwystU2NPmTZRbqGYiKvkJIte0ys%3D,296,274,--,--
131,16:28,Y,29,20300303,0,正常车次，不受控,0,0357,31,北京南,VNP,上海虹桥,01,AOH,--,--,1,00:23,23,H1,,--,--,--,1330,O3M393,OM9,0712,33,上海虹桥,AOH,16:05,20161229,G150,6,苏州北,02,OHH,,5l0000G15050,3,2,--,--,--,O0M090,ioO%2BJto2IgfFn%2BMn8GbIBeNDsTCiW87VedHtH4jwxcYLlXVg,--,--,264,35
132,16:41,Y,29,20300303,0,正常车次，不受控,0,1314,14,汉口,HKN,上海虹桥,01,AOH,--,--,1,00:34,34,H3,,--,--,--,1330,O3M3W3,OMO,0712,33,上海虹桥,AOH,16:07,20161229,D3014,--,苏州,03,SZH,动车,5l000D301460,3,2,--,无,--,O0M0O0,2O0u4EpcFlIrBb1%2By1TGsuP5mjt5tFV%2B%2FxoLo0fDYI3MDqBk,--,--,76,6
133,16:36,Y,29,20300303,0,正常车次，不受控,0,2003,23,西安北,EAY,上海虹桥,01,AOH,--,--,1,00:23,23,H1,,--,--,--,1330,O3M393,OM9,0712,33,上海虹桥,AOH,16:13,20161229,G1936,1,苏州北,02,OHH,,5l000G193600,3,2,--,--,--,O0M090,n9jB3YJ7upLi0cpRGxlcsJTfh9mZ77xSQEJ1Uj5BT%2BHUB9TO,--,--,401,13
134,16:46,Y,29,20300303,0,正常车次，不受控,0,0705,07,南京,NJH,上海虹桥,01,AOH,--,--,1,00:32,32,H1,,--,--,--,1330,O3M3W3,OMO,0712,33,上海虹桥,AOH,16:14,20161229,G7116,--,苏州,03,SZH,,5l000G711610,3,3,--,无,--,O0M0O0,emc%2BlUHfGPq%2B1BkpU7plvsML7%2BRLhm1lmRfnQeMjM0TX%2BSP1,--,--,447,20
135,17:43,Y,29,20300303,0,正常车次，不受控,0,0603,12,聊城,UCK,上海南,07,SNH,--,--,0,01:26,86,H1,,--,22,--,1530,W3431333,1413,0913,08,金华,JBH,16:17,20161229,K1512,--,苏州,09,SZH,,56000K151201,3,2,--,186,--,10401030,eEvQXOJOJEDsieEDhY5k%2BrYA8uAOqQmQsCti7WtQoPpPoCfHHpVg1MLdPJk%3D,348,645,--,--
136,16:42,Y,29,20300303,0,正常车次，不受控,0,0357,31,北京南,VNP,上海虹桥,01,AOH,--,--,1,00:23,23,H1,,--,--,--,1330,O3M393,O9M,0712,33,上海虹桥,AOH,16:19,20161229,G152,无,苏州北,02,OHH,,5l0000G152D0,3,2,--,--,--,O090M0,NgOUA4ObhCcRoHJWQwUdFpOah9ZS3OVmmLKOiHRzsTF2E2QW,--,--,341,15
137,16:52,Y,29,20300303,0,正常车次，不受控,0,0705,07,南京,NJH,上海,01,SHH,--,--,1,00:32,32,H3,,--,--,--,1430,O3M3W3,OMO,0712,33,上海,SHH,16:20,20161229,G7054,--,苏州,03,SZH,,55000G705471,3,3,--,无,--,O0M0O0,rzoPO6JvgKFsDWDI2zhYArIhbh87mHgL79sm3BQOP%2FsgXMDw,--,--,525,48
138,16:47,Y,29,20300303,0,正常车次，不受控,0,0365,01,石家庄,SJP,上海虹桥,01,AOH,--,--,1,00:23,23,H2,,--,--,--,1330,O3M3P3,OMP,0712,33,上海虹桥,AOH,16:24,20161229,G2812,--,苏州北,02,OHH,,5l000G281200,3,2,无,--,--,O0M0P0,UNaE585l6PbdVpIqm4dM8bGQ4jEZRXOd4kBMRGoYTKcQZjGg,--,--,50,3
139,16:57,Y,29,20300303,0,正常车次，不受控,0,0816,09,安庆,AQH,上海虹桥,12,AOH,--,--,1,00:32,32,H1,,--,--,--,1330,O393W3M3,O9MO,0920,08,温州南,VRH,16:25,20161229,G7592,26,苏州,14,SZH,,5j000G759210,3,3,--,无,--,O090M0O0,GFb11Ke8mcqePjOwkACGqmiPnuC%2BGU4q6dyRQfjAtaySmCY4oU7SRJNHsTk%3D,--,--,14,99
140,17:32,Y,29,20300303,0,正常车次，不受控,0,1222,13,郑州,ZZF,上海,01,SHH,--,--,0,01:01,61,H3,,--,2,--,1430,W3431333,1413,0712,33,上海,SHH,16:31,20161229,K152,--,苏州,03,SZH,,550000K15202,3,2,--,无,--,10401030,RYaemBiMal3PrAFP2Co3wvtkarTKqE0%2F9H%2BjyCIsHImH%2B5M6xn1p0TQxKzY%3D,87,202,--,--
141,17:53,Y,29,20300303,0,正常车次，不受控,0,0007,06,齐齐哈尔,QHX,上海南,06,SNH,--,--,0,01:18,78,H1,,--,6,--,1530,W3431333,1413,0904,08,杭州,HZH,16:35,20161229,K48,--,苏州,08,SZH,,5600000K4810,3,2,--,无,--,10401030,%2FH7k3KxGQ%2Fk81U762l0ZPqtIlM3vT9GuZIkphv06qN1oA9hlI7%2BLr7GInUg%3D,28,248,--,--
142,17:08,Y,29,20300303,0,正常车次，不受控,0,0809,09,合肥南,ENH,上海虹桥,07,AOH,--,--,1,00:32,32,H1,,--,--,--,1330,O3M3W3,OMO,0917,08,江山,JUH,16:36,20161229,G7376,--,苏州,09,SZH,,56000G737623,3,3,--,无,--,O0M0O0,unFdRYIkZAx7%2Bz0IqMOSR%2FVTezmZW9wkClzPxl4%2Fb4b8pe93,--,--,137,42
143,17:01,Y,29,20300303,0,正常车次，不受控,0,0359,32,天津西,TXP,上海虹桥,01,AOH,--,--,1,00:23,23,H1,,--,--,--,1330,O393M3P3,O9MP,0712,33,上海虹桥,AOH,16:38,20161229,G216,16,苏州北,02,OHH,,5l0000G21670,3,2,无,--,--,O090M0P0,9L4zZ03XZulHVFEe7P5FmK%2FrieVN0qLDf%2BsfVa%2BudxYXE2JMDUvFjoiaDos%3D,--,--,278,87
144,17:36,Y,29,20300303,0,正常车次，不受控,0,1314,14,汉口,HKN,上海虹桥,01,AOH,--,--,1,00:49,49,H3,,--,--,--,1330,O3W3M3,OOM,0712,33,上海虹桥,AOH,16:47,20161229,D3042,--,苏州,04,SZH,动车,5l000D304240,3,2,--,无,--,O0O0M0,6ap7k6%2F4w3QHbC6dWU94MKuPfzG9qaAD4Zh5hvpshNGdYKJd,--,--,32,1
145,17:31,Y,29,20300303,0,正常车次，不受控,0,0809,09,合肥南,ENH,上海,01,SHH,--,--,1,00:42,42,H3,,--,--,--,1430,O393W3M3,O9MO,0712,33,上海,SHH,16:49,20161229,G7272,10,苏州,04,SZH,,55000G727220,3,3,--,无,--,O090M0O0,fg%2B84PKFAxAIN5c9%2ByhoAEYRsn2Y98nm4xCBAI7FgHDUZFan%2FxWwYvpYcfc%3D,--,--,179,25
146,17:25,Y,29,20300303,0,正常车次，不受控,0,0705,07,南京,NJH,上海,01,SHH,--,--,1,00:25,25,H3,,--,--,--,1430,O3W3M3P3,OMOP,0712,33,上海,SHH,17:00,20161229,G7022,--,苏州,02,SZH,,55000G702281,3,3,18,无,--,O0M0O0P0,w3QnSMp5q5FxGC9WsS%2BuiOEmpwVbyQuulZ2zk7P1%2F2eh3jnSQv3HYjdw1hg%3D,--,--,974,32
147,17:28,Y,29,20300303,0,正常车次，不受控,0,2003,23,西安北,EAY,上海虹桥,01,AOH,--,--,1,00:23,23,H1,,--,--,--,1330,O3M393,O9M,0712,33,上海虹桥,AOH,17:05,20161229,G1940,12,苏州北,02,OHH,,5l000G194000,3,2,--,--,--,O090M0,KKmXmSGmGdQ3r0gcgP6K1S1RCDytq1jjskgF9hgpGRq0nhpv,--,--,892,16
148,17:42,Y,29,20300303,0,正常车次，不受控,0,0816,09,安庆,AQH,上海虹桥,01,AOH,--,--,1,00:35,35,H1,,--,--,--,1330,O393M3W3,O9OM,0712,33,上海虹桥,AOH,17:07,20161229,G7144,20,苏州,03,SZH,,5l000G714470,3,3,--,无,--,O090O0M0,OZia3H2MniFKzDI5ZYTsE6xTmoyem%2FMQCD2YcLQbkt9eE8XMVKpNDLmHOCw%3D,--,--,136,33
149,17:37,Y,29,20300303,0,正常车次，不受控,0,0357,31,北京南,VNP,上海虹桥,01,AOH,--,--,1,00:23,23,H1,,--,--,--,1330,O3M393,OM9,0712,33,上海虹桥,AOH,17:14,20161229,G154,4,苏州北,02,OHH,,5l0000G15461,3,2,--,--,--,O0M090,f%2Bjcun0esxLdHIKEKXEHhGHbYk1D5VyUW2lRtoBZtjO2mAdD,--,--,681,16
150,17:50,Y,29,20300303,0,正常车次，不受控,0,0705,07,南京,NJH,上海虹桥,01,AOH,--,--,1,00:32,32,H2,,--,--,--,1330,O393W3M3,O9MO,0712,33,上海虹桥,AOH,17:18,20161229,G7118,5,苏州,03,SZH,,5l000G711800,3,3,--,无,--,O090M0O0,aBMHlRYiWpi8XcebX3BuL%2FYdKYySuZzZGY39t%2Fod2r6pTTHAzLkbslBVI2o%3D,--,--,385,28
151,17:55,Y,29,20300303,0,正常车次，不受控,0,0710,07,苏州,SZH,上海,01,SHH,--,--,1,00:33,33,H1,,--,--,--,1430,O3M3W3,OMO,0712,33,上海,SHH,17:22,20161229,G7208,--,苏州,03,SZH,,55000G720850,3,3,--,无,--,O0M0O0,0IYFmiSQELPmpSB2io80%2BV%2BbFsXbiMvANbRzuhLXlWZ2sePG,--,--,529,49
152,17:54,Y,29,20300303,0,正常车次，不受控,0,0357,31,北京南,VNP,上海虹桥,04,AOH,--,--,1,00:30,30,H1,,--,--,--,1330,O3M393,OM9,0904,08,杭州东,HGH,17:24,20161229,G44,1,苏州北,06,OHH,,5600000G4493,3,2,--,--,--,O0M090,SEYaUMoJiJLuUTnVCmOmeBtUzcLJtgNAYMkxqQBCOLI9FSWt,--,--,116,4
153,18:03,Y,29,20300303,0,正常车次，不受控,0,0705,07,南京,NJH,上海,01,SHH,--,--,1,00:35,35,H2,,--,--,--,1430,O3M3W3,OMO,0712,33,上海,SHH,17:28,20161229,G7056,--,苏州园区,04,KAH,,55000G705660,3,3,--,无,--,O0M0O0,sYoN2Q6Y0Yqzy1%2FhSdxCx1v0mH6fS99Sc2O0ZZkycobu2%2FYW,--,--,526,50
154,18:13,Y,29,20300303,0,正常车次，不受控,0,0809,09,合肥南,ENH,上海,01,SHH,--,--,1,00:33,33,H2,,--,--,--,1430,O393M3W3,O9OM,0712,33,上海,SHH,17:40,20161229,G7256,26,苏州,03,SZH,,55000G7256F1,3,3,--,无,--,O090O0M0,%2BHXGDpJBwGwIPxClslLzHE8zeC3501o1gmCMn%2FoQf6ElZOyjcGghfFMM9ws%3D,--,--,314,108
155,18:13,Y,29,20300303,0,正常车次，不受控,0,0701,07,徐州东,UUH,上海,01,SHH,--,--,1,00:28,28,H2,,--,--,--,1430,O3M3W3,OMO,0712,33,上海,SHH,17:45,20161229,G7294,--,苏州北,02,OHH,,55000G729405,3,3,--,无,--,O0M0O0,py2dXkyVoqKO0e7QxAHUsxavuyu07JPmrUzTn3rhjuqKKobP,--,--,187,49
156,18:46,Y,29,20300303,0,正常车次，不受控,0,0705,07,南京,NJH,上海虹桥,28,AOH,--,--,1,00:59,59,G1,,--,--,--,1330,O3M3W3,OMO,1116,11,赣州,GZG,17:47,20161229,D3136,--,苏州,31,SZH,动车,57000D313702,3,2,--,163,--,O0M0O0,BP6PB9KPnJ6A8ipHVne%2BOm84ZiAfl5Zv9mZHKINaUME3klz2,--,--,215,33
157,18:30,Y,29,20300303,0,正常车次，不受控,0,1314,14,汉口,HKN,上海虹桥,01,AOH,--,--,1,00:37,37,H2,,--,--,--,1330,O3M3W3,OMO,0712,33,上海虹桥,AOH,17:53,20161229,D3046,--,苏州,03,SZH,动车,5l000D304660,3,2,--,无,--,O0M0O0,qUUPL0owtyKDBim3NtPZhkU2B0PboOXIpGXS0Q4eOALrVyFa,--,--,88,35
158,18:24,Y,29,20300303,0,正常车次，不受控,0,0809,09,合肥南,ENH,上海虹桥,01,AOH,--,--,1,00:30,30,H1,,--,--,--,1330,O393W3M3,O9MO,0712,33,上海虹桥,AOH,17:54,20161229,G7286,10,苏州北,03,OHH,,5l000G728631,3,3,--,无,--,O090M0O0,DJWf4qPucrzLboQl7FDz76q5xY%2FozqTQdQoUv042DOgOGycXK3TYNvHcqvg%3D,--,--,64,19
159,18:29,Y,29,20300303,0,正常车次，不受控,0,0602,12,济南西,JGK,上海虹桥,01,AOH,--,--,1,00:30,30,H2,,--,--,--,1330,O3M393,OM9,0712,33,上海虹桥,AOH,17:59,20161229,G298,18,苏州北,03,OHH,,5l0000G29870,3,2,--,--,--,O0M090,PNfBCPphlvdpKzkosxik%2BeKdVtSCPFJNMlNCni2YwSms77%2BY,--,--,164,44
160,18:25,Y,29,20300303,0,正常车次，不受控,0,0705,07,南京,NJH,上海,01,SHH,--,--,1,00:25,25,H3,,--,--,--,1430,O3M3W3P3,OOMP,0712,33,上海,SHH,18:00,20161229,G7024,--,苏州,02,SZH,,55000G702471,3,3,18,无,--,O0O0M0P0,ZQHDEZjjBKbqBPHuEbt6HmmIF4jh1q0U%2BjYn9J7KvXr01RAe8ES563E9YNk%3D,--,--,960,32
161,24:00,N,0,,1,"列车运行图调整,暂停发售",0,0357,31,北京,BJP,上海,01,SHH,--,--,0,99:59,5999,H3,,--,--,--,,,,0712,33,上海,SHH,24:00,20161229,T110,--,苏州,02,SZH,,550000T11060,,2,--,--,--,,,--,--,--,--
162,20:02,Y,29,20300303,0,正常车次，不受控,0,0205,04,沈阳北,SBT,上海,01,SHH,--,--,0,01:54,114,H1,,--,9,--,1430,W3431333,1413,0712,33,上海,SHH,18:08,20161229,K188,--,苏州,03,SZH,,550000K188B1,3,2,--,无,--,10401030,ywTEs47KHIl8KgOwvyAGTFgxz2NU4xBhcJjcI8PqPmPFV%2BGaB7mPdrsgdms%3D,227,320,--,--
163,18:41,Y,29,20300303,0,正常车次，不受控,0,0705,07,南京,NJH,上海虹桥,01,AOH,--,--,1,00:32,32,H1,,--,--,--,1330,O3M3W3,OMO,0712,33,上海虹桥,AOH,18:09,20161229,G7120,--,苏州,03,SZH,,5l000G712000,3,3,--,无,--,O0M0O0,Jwnwz6yeJVz8fTe3OH0VbG24cziA8titlRXNz%2B5oABniWz%2Bb,--,--,477,50
164,18:51,Y,29,20300303,0,正常车次，不受控,0,0705,07,南京,NJH,上海,01,SHH,--,--,1,00:38,38,H3,,--,--,--,1430,O3M3W3,OMO,0712,33,上海,SHH,18:13,20161229,G7058,--,苏州,04,SZH,,55000G705880,3,3,--,无,--,O0M0O0,qLYxznCPJY4k2ByDNUa2TacHbUPSckYTVzZqIwaii9QXLgUY,--,--,524,50
165,20:08,Y,29,20300303,0,正常车次，不受控,0,2302,26,银川,YIJ,上海,01,SHH,--,--,0,01:51,111,H2,,--,14,--,1430,W3431333,1413,0712,33,上海,SHH,18:17,20161229,K1332,--,苏州,02,SZH,,55000K133204,3,2,--,178,--,10401030,nrHoNJIO3ypa0B0pBdeuGpInCPXn9UhGgdqlCUM9%2BJaVhAXAtz3yApbfdp4%3D,433,301,--,--
166,18:50,Y,29,20300303,0,正常车次，不受控,0,1222,13,郑州东,ZAF,上海虹桥,01,AOH,--,--,1,00:30,30,H1,,--,--,--,1330,O3M393,OM9,0712,33,上海虹桥,AOH,18:20,20161229,G1826,14,苏州北,03,OHH,,5l000G182600,3,2,--,--,--,O0M090,eyQgI4Rpox0LcUcHQwKmuIzS8eYcN4koBp%2BUdeEZ10DU%2B7An,--,--,946,32
167,18:58,Y,29,20170119,0,正常车次，不受控,0,0809,09,合肥,HFH,上海虹桥,01,AOH,--,--,1,00:32,32,H2,,--,--,--,1330,O393M3W3,O9OM,0712,33,上海虹桥,AOH,18:26,20161229,G7156,19,苏州,03,SZH,,5l000G715680,3,3,--,无,--,O090O0M0,lzdPCXAX3t9mf9UbqJjV09PYCnp3DonHqO7wx5%2FrBzLmz%2BMzv4pgrTCs38o%3D,--,--,145,56
168,18:56,Y,29,20300303,0,正常车次，不受控,0,0705,07,南京南,NKH,上海虹桥,21,AOH,--,--,1,00:30,30,W1,,--,--,--,1330,O3M393,OM9,1803,20,贵阳北,KQW,18:26,20161229,G1322,2,苏州北,23,OHH,,78000G132202,3,2,--,--,--,O0M090,LZzGKd3MH4YaKPh1XAb7eiB9fch6%2FLatUCdElWG0qf7%2BIXdG,--,--,40,7
169,19:02,Y,29,20300303,0,正常车次，不受控,0,0701,07,徐州东,UUH,上海虹桥,12,AOH,--,--,1,00:31,31,H3,,--,--,--,1330,O393M3W3,O9OM,0920,08,温州南,VRH,18:31,20161229,G7600,无,苏州北,14,OHH,,5j000G760000,3,3,--,无,--,O090O0M0,ATC3yByxNxdm7yMXedkKwyorux9kLI367OOc7rPvXowiv7%2BXKOfbWvhauvk%3D,--,--,195,17
170,19:06,Y,29,20170112,0,正常车次，不受控,0,0705,07,南京南,NKH,上海虹桥,08,AOH,--,--,1,00:32,32,H2,,--,--,--,0930,O393W3M3,O9MO,0910,08,宁波,NGH,18:34,20161229,G7520,13,苏州,10,SZH,,5e000G752050,3,3,--,无,--,O090M0O0,kIjqaaGDX59iIRWKXADofKCA2jBTAXcENfsqf5og1rA%2BpjX%2BMPD5e6Ednm4%3D,--,--,405,111
171,19:22,Y,29,20300303,0,正常车次，不受控,0,2102,24,兰州,LZJ,上海,01,SHH,--,--,0,00:45,45,H1,,--,10,无,1430,W343132333,14123,0712,33,上海,SHH,18:37,20161229,Z216,--,苏州,02,SZH,,550000Z21603,3,2,--,无,--,1040102030,T5naSlEwiCVuUrWhIY%2BtjtsWMogFd%2Fs9jEuabVvOFWLTIBD7LCNJ66nntSQOH%2FS%2BNfZQKp3s0SM%3D,172,无,--,--
172,19:21,Y,29,20170112,0,正常车次，不受控,0,0705,07,南京南,NKH,上海,01,SHH,--,--,1,00:39,39,H1,,--,--,--,1430,O393W3M3,O9MO,0712,33,上海,SHH,18:42,20161229,G7060,9,苏州,04,SZH,,55000G706070,3,3,--,无,--,O090M0O0,cx1ozQ%2BCzKkdVF6PCbN%2F1jb5MM4%2F66Ov285oSo1yT8OxE%2B9Kbro2w1l7jiw%3D,--,--,465,28
173,19:29,Y,29,20300303,0,正常车次，不受控,0,2003,23,西安,XAY,上海,01,SHH,--,无,0,00:45,45,H2,,--,2,--,1430,W343631333,14613,0712,33,上海,SHH,18:44,20161229,Z92,--,苏州,02,SZH,,5500000Z9230,3,2,--,无,--,1040601030,cWIcfiK2uBGtaFoqwK3McJdLUP1fvnlcLD3HQNfYCcMuL0BjPXnmvSNj6i6OZGUtr9pdo3GcEHU%3D,45,21,--,--
174,19:42,Y,29,20300303,0,正常车次，不受控,0,0705,07,南京,NJH,上海虹桥,28,AOH,--,--,1,00:55,55,Q6,,--,--,--,1330,O3M3W3,OOM,1505,16,深圳北,IOQ,18:47,20161229,D3126,--,苏州,31,SZH,动车,6i000D312604,3,2,--,无,--,O0O0M0,nhGFVmWE7sXHQpqtGBTfzz0PGfEgL%2BxAlEFUzH2shAn0erCw,--,--,180,12
175,19:26,Y,29,20300303,0,正常车次，不受控,0,0705,07,南京,NJH,上海,01,SHH,--,--,1,00:26,26,H3,,--,--,--,1430,O3M3W3P3,OOMP,0712,33,上海,SHH,19:00,20161229,G7026,--,苏州,02,SZH,,55000G702662,3,3,24,无,--,O0O0M0P0,Z2Vr7QwnLwfp8gTO7wTIuAaCHD23Ywf8CC%2Fp8UKD6LjvwIliPh5FUMcVl8E%3D,--,--,963,60
176,19:35,Y,29,20170112,0,正常车次，不受控,0,0705,07,南京南,NKH,上海虹桥,01,AOH,--,--,1,00:32,32,H1,,--,--,--,1330,O393M3W3,O9OM,0712,33,上海虹桥,AOH,19:03,20161229,G7122,10,苏州,03,SZH,,5l000G712270,3,3,--,无,--,O090O0M0,79RTLMfHV9bAD%2F4myOG3YSvXBlOxmc7nBcAjEY%2BWCppg9xyKK9Cs2O9ib8I%3D,--,--,489,28
177,19:49,Y,29,20300303,0,正常车次，不受控,0,0034,06,哈尔滨,HBB,上海,01,SHH,--,--,0,00:45,45,H3,,--,1,--,1430,W3431333,1413,0712,33,上海,SHH,19:04,20161229,Z172,--,苏州,02,SZH,,550000Z17221,3,2,--,无,--,10401030,hmdAmtd2qVypPDpIhk0jAr9CyyOn89%2Frze%2FBRY3SY7xF0SrAg%2FsE6IjPEzU%3D,1,96,--,--
178,19:35,Y,29,20300303,0,正常车次，不受控,0,0701,07,徐州东,UUH,上海虹桥,07,AOH,--,--,1,00:24,24,H1,,--,--,--,1330,O393W3M3,O9MO,0910,08,宁波,NGH,19:11,20161229,G7590,5,苏州北,08,OHH,,5e000G759050,3,3,--,无,--,O090M0O0,oUwaJe4AnC90ZvDITafvChSjM9lubwXGtUhN1AjJxSgiFGcubqP0tGOxIUk%3D,--,--,33,28
179,19:49,Y,29,20300303,0,正常车次，不受控,0,0809,09,合肥南,ENH,上海,01,SHH,--,--,1,00:34,34,H2,,--,--,--,1430,O3M3W3,OMO,0712,33,上海,SHH,19:15,20161229,G7260,--,苏州,03,SZH,,55000G726042,3,3,--,无,--,O0M0O0,zKg07mj4Sjhkj2SG71bEkFMzffhfEdoNaflLTrgLvrKfwvrE,--,--,132,47
180,19:53,Y,29,20300303,0,正常车次，不受控,0,0705,07,南京,NJH,上海虹桥,08,AOH,--,--,1,00:36,36,H2,,--,--,--,1330,O3M3W3,OMO,0910,08,宁波,NGH,19:17,20161229,G7584,--,苏州,10,SZH,,5e000G758410,3,3,--,无,--,O0M0O0,lmaiSI4beGdcBkIPYOdvIKjLl4pVgAYTgYIxusXyi0bxTa0U,--,--,202,50
181,20:01,Y,29,20300303,0,正常车次，不受控,0,0705,07,南京,NJH,上海虹桥,01,AOH,--,--,1,00:32,32,H3,,--,--,--,1330,O3M3W3,OMO,0712,33,上海虹桥,AOH,19:29,20161229,G7124,--,苏州,03,SZH,,5l000G712480,3,3,--,无,--,O0M0O0,6%2BhQJ0XZ3cbNHWgswsSl0jEyqS%2BSVv298%2FnG%2B7N4Q4ktNR2%2F,--,--,490,49
182,20:31,Y,29,20300303,0,正常车次，不受控,0,0512,03,包头,BTC,上海南,04,SNH,--,--,0,01:01,61,H1,,--,无,--,1530,W3431333,1413,0904,08,杭州,HZH,19:30,20161229,Z282,--,苏州,05,SZH,,560000Z28210,3,2,--,无,--,10401030,gBBsQqI1Ipvceqlm3cE3ixvNeKmmrywuBaMHQaOeKdFRwBNKv25oWrzQ9tQ%3D,171,63,--,--
183,20:06,Y,29,20300303,0,正常车次，不受控,0,0705,07,南京,NJH,上海,01,SHH,--,--,1,00:34,34,H3,,--,--,--,1430,O3M3W3,OMO,0712,33,上海,SHH,19:32,20161229,G7062,--,苏州,03,SZH,,55000G706280,3,3,--,无,--,O0M0O0,XFtNhUXpleqHJuY6evg8BWZDa6EWleHll7S8Iw4AzW9bkCbw,--,--,506,48
184,20:18,Y,29,20300303,0,正常车次，不受控,0,0705,07,南京南,NKH,上海,01,SHH,--,--,1,00:41,41,H3,,--,--,--,1430,O393M3W3,O9OM,0712,33,上海,SHH,19:37,20161229,G7064,26,苏州,04,SZH,,55000G7064B0,3,3,--,无,--,O090O0M0,drJsykUnMzpDPsmKLeZHMu%2BqhgZj8d4gbHtw4Eycn6lZ5207aq9MuGlhR6U%3D,--,--,850,118
185,20:25,Y,29,20300303,0,正常车次，不受控,0,2403,27,乌鲁木齐,WAR,上海,01,SHH,--,--,0,00:45,45,H1,,--,11,--,1430,W3431333,1413,0712,33,上海,SHH,19:40,20161229,Z40,--,苏州,02,SZH,,5500000Z4060,3,2,--,无,--,10401030,X6zTx9u2Q4WIXrsWuT758CNR2GLbES4mi89jpQmUi4fUMx1bpryv2SlTSGw%3D,182,132,--,--
186,20:19,Y,29,20300303,0,正常车次，不受控,0,0701,07,徐州东,UUH,上海,01,SHH,--,--,1,00:28,28,H1,,--,--,--,1430,O3M3W3,OMO,0712,33,上海,SHH,19:51,20161229,G7298,--,苏州北,02,OHH,,55000G729801,3,3,--,无,--,O0M0O0,n98mSM8H3wwg5Ss2ohmDWMFJu3JFWzv3YORF5CIJNrGtX5kt,--,--,172,50
187,20:30,N,29,20300303,0,正常车次，不受控,0,0705,07,南京南,NKH,上海虹桥,13,AOH,--,--,1,00:36,36,H2,,--,--,--,1330,O393M3W3,O9OM,0979,08,苍南,CEH,19:54,20161229,G7588,无,苏州,15,SZH,,5j000G758850,3,3,--,无,--,O090O0M0,fv8hXDNkovEpjGgh7ECBmfjG9D%2BNJLiCl3fkp1VgbMAlSbk%2FTZO90YXjFJY%3D,--,--,无,无
188,20:25,Y,29,20300303,0,正常车次，不受控,0,0705,07,南京,NJH,上海,01,SHH,--,--,1,00:25,25,H3,,--,--,--,1430,O3W3M3P3,OMOP,0712,33,上海,SHH,20:00,20161229,G7028,--,苏州,02,SZH,,55000G702831,3,3,24,无,--,O0M0O0P0,lViabtpLMH5G3stb1ovpQSpfo9jbkadvDKqJGQaeuWoyHS9YlRCxQZQ1b%2B0%3D,--,--,969,58
189,20:24,Y,29,20300303,0,正常车次，不受控,0,0705,07,南京南,NKH,上海虹桥,01,AOH,--,--,1,00:24,24,H1,,--,--,--,1330,O393W3M3,O9MO,0712,33,上海虹桥,AOH,20:00,20161229,G7178,20,苏州北,02,OHH,,5l000G717810,3,3,--,无,--,O090M0O0,%2B1KMBOl%2FtiCz%2Brae7wi2HxQ80DhzNnvUdsltTkMC0Qo3noVwtok58nD6dVU%3D,--,--,998,56
190,20:42,Y,29,20300303,0,正常车次，不受控,0,0705,07,南京,NJH,上海,01,SHH,--,--,1,00:34,34,H3,,--,--,--,1430,O3M3W3,OMO,0712,33,上海,SHH,20:08,20161229,G7066,--,苏州,03,SZH,,55000G706670,3,3,--,无,--,O0M0O0,ND1%2FE6rKKsKSIwMkYnEAF75l0GEPxQ%2BQD%2BlLnihqjCGoOZL6,--,--,1000,101
191,20:55,Y,29,20300303,0,正常车次，不受控,0,2751,22,拉萨,LSO,上海,01,SHH,--,--,0,00:45,45,H2,,--,1,--,1430,134333,143,0712,33,上海,SHH,20:10,20161229,Z164,--,苏州,02,SZH,,550000Z16403,3,2,--,--,--,104030,Wqvzp6rsdzeCmdu48BWhU11ZQV6To7r%2BH8d7efn9IFgFXl2l,51,14,--,--
192,21:10,Y,29,20300303,0,正常车次，不受控,0,0815,09,黄山,HKH,上海,01,SHH,--,--,0,00:54,54,H3,,--,无,71,1430,W343132333,14123,0712,33,上海,SHH,20:16,20161229,K8418,--,苏州,02,SZH,,55000K8418F0,3,3,--,无,--,1040102030,20MbuAXafwQum%2Fe69aUNAkcCcrKiU2%2Bc5k3vj%2BIxdTtIpYlrmL3LafezA7mDBxPEZHyNavm31zU%3D,37,96,--,--
193,20:59,Y,29,20300303,0,正常车次，不受控,0,0705,07,南京,NJH,上海,01,SHH,--,--,1,00:40,40,H2,,--,--,--,1430,O3M3W3,OMO,0712,33,上海,SHH,20:19,20161229,G7068,--,苏州,04,SZH,,55000G7068A0,3,3,--,无,--,O0M0O0,iM2jj22B7jxjCROMRcFa3Pb4%2BfbQVpKGek0iNcIo8ActKYmU,--,--,525,50
194,20:45,Y,29,20300303,0,正常车次，不受控,0,0809,09,合肥南,ENH,上海虹桥,10,AOH,--,--,1,00:23,23,H2,,--,--,--,1330,O393M3W3,O9OM,0920,08,温州南,VRH,20:22,20161229,G7596,2,苏州北,11,OHH,,5j000G759601,3,3,--,无,--,O090O0M0,8bzELeBSTA3vkfgkpGUEEoajnYKzx8dYYLSUTSz1dlMCWkg457cWe0eqihI%3D,--,--,233,19
195,21:16,Y,29,20300303,0,正常车次，不受控,0,0226,04,阜新南,FXD,上海,01,SHH,--,--,0,00:54,54,H3,,--,4,--,1430,W3431333,1413,0712,33,上海,SHH,20:22,20161229,1228,--,苏州,02,SZH,直特,550000122880,3,2,--,无,--,10401030,%2F8n4eY02%2F4Jsen4iTH2S4c416QKGXCCFWOD7Mgmk8mK7PJ249IbOekJU%2B80%3D,217,280,--,--
196,21:22,Y,29,20300303,0,正常车次，不受控,0,1218,13,漯河,LON,上海,01,SHH,--,--,0,00:54,54,H3,,--,6,--,1430,W3431333,1413,0712,33,上海,SHH,20:28,20161229,K1048,--,苏州,02,SZH,,55000K104800,3,2,--,无,--,10401030,f%2Bh%2F%2F6XRDAc6Os4gveVFc2hb9%2F24ptK0OBK7VBfqU34JxQoqoiLLlYWRduA%3D,59,545,--,--
197,21:04,Y,29,20300303,0,正常车次，不受控,0,0705,07,南京南,NKH,上海虹桥,01,AOH,--,--,1,00:32,32,H1,,--,--,--,1330,O393W3M3,O9MO,0712,33,上海虹桥,AOH,20:32,20161229,G7126,19,苏州,03,SZH,,5l000G712660,3,3,--,无,--,O090M0O0,u4K2shBKMxJBjgPwXEa4Vze6nFvIZpAuxO3OZS2WbtrgHY5CxCQBjD75f0w%3D,--,--,951,56
198,21:12,Y,29,20300303,0,正常车次，不受控,0,0705,07,南京南,NKH,上海,01,SHH,--,--,1,00:32,32,H1,,--,--,--,1430,O393W3M3,O9MO,0712,33,上海,SHH,20:40,20161229,G7070,10,苏州,03,SZH,,55000G707050,3,3,--,无,--,O090M0O0,GuI7YF0pM19tlV7Y0aYHnLNjUuoHB%2Byi66csv9yHfaRt493AlwnHGflpEfY%3D,--,--,507,28
199,21:15,Y,29,20300303,0,正常车次，不受控,0,0807,09,蚌埠南,BMH,上海虹桥,01,AOH,--,--,1,00:30,30,H1,,--,--,--,1330,O3W3M3P3,OMOP,0712,33,上海虹桥,AOH,20:45,20161229,G7168,--,苏州北,03,OHH,,5l000G716821,3,3,32,无,--,O0M0O0P0,WLOj4jyvSZr1RGCii9W0qX1MX7J97QKvpnI4wgpwOkO77telajWDX1C9DNA%3D,--,--,194,88
200,21:17,Y,29,20300303,0,正常车次，不受控,0,0705,07,南京南,NKH,上海虹桥,14,AOH,--,--,1,00:32,32,H2,,--,--,--,1330,O393M3W3,O9OM,0979,08,苍南,CEH,20:45,20161229,G7582,5,苏州,16,SZH,,5j000G758210,3,3,--,无,--,O090O0M0,HyhIQ1AKgYPhYPcRhS%2FXIlkpHPihMg1e6%2F9ibAYs5J0VDHx7dLtdjdu3SIU%3D,--,--,78,28
201,22:00,Y,29,20300303,0,正常车次，不受控,0,1707,19,成都,CDW,上海,01,SHH,--,--,0,01:14,74,H3,,--,6,--,1430,W3431333,1413,0712,33,上海,SHH,20:46,20161229,K282,--,苏州,03,SZH,,550000K282B0,3,2,--,无,--,10401030,6pmlbPg8Bu%2BYls7QUfMYU3CZ861ZnPoq%2BF%2FgLRL2dBwFviaeddGjzPlHbPA%3D,87,298,--,--
202,22:06,Y,29,20300303,0,正常车次，不受控,0,0704,07,连云港东,UKH,上海,01,SHH,--,--,0,01:14,74,H3,,--,19,--,1430,W3431333,1413,0712,33,上海,SHH,20:52,20161229,K8356,--,苏州,03,SZH,,55000K8356A1,3,3,--,54,--,10401030,ooUchcE%2FOG7EACEp%2Bbaf3rGgAD%2F8wE3Xx0RMECJk1Kvk7dDGkEzLuLyR4nc%3D,25,266,--,--
203,21:31,Y,29,20300303,0,正常车次，不受控,0,0705,07,南京,NJH,上海,01,SHH,--,--,1,00:32,32,H3,,--,--,--,1430,O3M3W3,OMO,0712,33,上海,SHH,20:59,20161229,G7030,--,苏州,03,SZH,,55000G703050,3,3,--,无,--,O0M0O0,31ifGEG814mQSVbHCdNlL7QRdPodVlV0CZOV0eTLSBXrIgCf,--,--,516,49
204,21:52,Y,19,20300303,0,正常车次，不受控,0,0357,31,北京南,VNP,上海,01,SHH,--,--,0,00:44,44,H3,,--,68,--,1500,O343,O4,0712,33,上海,SHH,21:08,20161229,D314,--,苏州,02,SZH,动车,550000D31490,3,2,--,--,--,O040,90MT4ux%2FmXn%2Bs4yzQWF1zX1e1ylObQP%2B,--,--,14,--
205,21:42,Y,29,20300303,0,正常车次，不受控,0,0705,07,南京,NJH,上海虹桥,01,AOH,--,--,1,00:32,32,H2,,--,--,--,1330,O3M3W3,OMO,0712,33,上海虹桥,AOH,21:10,20161229,G7128,--,苏州,03,SZH,,5l000G7128A0,3,3,--,无,--,O0M0O0,mWdozvvqnuYKAuawYIX1w4aE81Urz2c82Hprr9fx130xcc0O,--,--,487,50
206,22:31,Y,29,20300303,0,正常车次，不受控,0,0110,05,长春,CCT,上海南,09,SNH,--,--,0,01:15,75,H3,,--,1,--,1530,W3431333,1431,0910,08,宁波,NGH,21:16,20161229,K76,--,苏州,10,SZH,,5e00000K76B0,3,2,--,无,--,10403010,WA7h2vIjuwSL4Y%2FJ0mTziv9CSqfKlwic4EjwuHgBIgOD8FNYiucaHX5y%2BKk%3D,17,26,--,--
207,21:51,Y,29,20300303,0,正常车次，不受控,0,0705,07,南京,NJH,上海虹桥,30,AOH,--,--,1,00:28,28,Q7,,--,--,--,1330,O3M3W3,OMO,1505,16,深圳北,IOQ,21:23,20161229,D2282,--,苏州,31,SZH,动车,6i000D228207,3,2,--,无,--,O0M0O0,IE4KOJelGct8N5N4FOQM8qFrmFeFEUL2WvkSvdJSzs%2Fosxjj,--,--,无,2
208,22:37,Y,29,20300303,0,正常车次，不受控,0,0804,09,阜阳,FYH,上海南,12,SNH,--,--,0,01:05,65,H2,,--,无,--,1530,W3431333,1431,0920,08,温州,RZH,21:32,20161229,K8402,--,苏州,13,SZH,,5a000K8402C0,3,3,--,248,--,10403010,FNICKvrFp5aen6bhZ7eHXq5CfE4sHvAndqZgWyqQhZ16V9c7wwauH9CjKlI%3D,52,399,--,--
209,22:07,Y,29,20300303,0,正常车次，不受控,0,0705,07,南京南,NKH,上海虹桥,12,AOH,--,--,1,00:25,25,H3,,--,--,--,1330,O393M3W3,O9OM,0979,08,苍南,CEH,21:42,20161229,G7350,无,苏州,13,SZH,,5j000G735010,3,3,--,无,--,O090O0M0,9owE0ZFuu3lVIG7gHBDdHx0fhcqizFOOP6crem3P8ha%2FKTw0Z42rYn0x92o%3D,--,--,51,19
210,23:23,Y,29,20300303,0,正常车次，不受控,0,0611,12,烟台,YAK,上海南,07,SNH,--,--,0,01:39,99,H2,,--,2,--,1530,W3431333,1413,0913,08,金华,JBH,21:44,20161229,K1182,--,苏州,08,SZH,,56000K118261,3,2,--,无,--,10401030,xsjYaCib6HwmooXJZTwKorNx7MKyFiRODlUDCsl9XbmtW1qTTNVPPqt4S8g%3D,15,164,--,--
211,22:49,Y,29,20300303,0,正常车次，不受控,0,0804,09,阜阳,FYH,上海,01,SHH,--,--,0,01:03,63,H2,,--,8,--,1430,W3431333,1413,0712,33,上海,SHH,21:46,20161229,K8482,--,苏州,03,SZH,,55000K8482D5,3,3,--,116,--,10401030,XJFE5ZvQA1kyU7KCiL%2FJzVCvdnIAV7OQBFIRO8%2BjgrpfdkJycvb%2BfrtQisc%3D,7,156,--,--
212,22:47,Y,29,20300303,0,正常车次，不受控,0,0710,07,苏州,SZH,上海,01,SHH,--,--,1,00:34,34,H1,,--,--,--,1430,O3M3W3,OMO,0712,33,上海,SHH,22:13,20161229,G7210,--,苏州,03,SZH,,55000G7210E0,3,3,--,无,--,O0M0O0,NcUnJq8hcTtv0jA1jfnBwkkkpU7hBztRbK2pnvGqB2Pt%2BOIb,--,--,533,50
213,23:47,Y,29,20300303,0,正常车次，不受控,0,0801,09,淮北,HRH,上海南,10,SNH,--,--,0,01:27,87,H2,,--,14,--,1530,W3431333,1431,0917,08,江山,JUH,22:20,20161229,K8372,--,苏州,12,SZH,,56000K837273,3,3,--,178,--,10403010,ZxlCKShR8udiYP9jTiIyjQUKKfeTWqyA%2Fq4wldBqMR9h%2FkC7pj5qmYGsbFg%3D,4,84,--,--
214,23:10,Y,19,20300303,0,正常车次，不受控,0,2003,23,西安北,EAY,上海,01,SHH,--,11,1,00:46,46,H2,,--,9,--,0800,O36343,6O4,0712,33,上海,SHH,22:24,20161229,D306,--,苏州,02,SZH,动车,550000D30661,3,2,--,--,--,60O040,%2FPNCcMpdZ%2BWsl802%2FObRjszncVmacKXG3NK8Si%2FsXHSXWdEA,--,--,63,--
215,00:06,Y,29,20300303,0,正常车次，不受控,1,0602,12,济南,JNK,上海南,08,SNH,--,--,0,01:26,86,H1,,--,9,--,1530,W3431333,1413,0910,08,宁波,NGH,22:40,20161229,T136,--,苏州,10,SZH,,5e0000T13610,3,2,--,120,--,10401030,Og8pMejkhh%2FSr0J85JkbYOMAFQV7AMq2tvuPOKx5R6EmKC3mPIheIQ1fgTE%3D,23,185,--,--
216,23:15,Y,29,20300303,0,正常车次，不受控,0,0710,07,苏州,SZH,上海,01,SHH,--,--,1,00:34,34,H3,,--,--,--,1430,O393W3M3,O9MO,0712,33,上海,SHH,22:41,20161229,G7212,10,苏州,03,SZH,,55000G721230,3,3,--,无,--,O090M0O0,9Tft4g79owicIN1GUCfxbTdhDEvKtpu7BT7Gd%2BBDSuoZV1Q3jmX99A4QCfE%3D,--,--,477,28
217,00:16,Y,29,20300303,0,正常车次，不受控,1,0804,09,阜阳,FYH,上海,01,SHH,--,--,0,01:03,63,H1,,--,2,--,1430,W3431333,1413,0712,33,上海,SHH,23:13,20161229,K8386,--,苏州,03,SZH,,55000K838610,3,3,--,无,--,10401030,sX0XY4eoTN1sECwi4KhiChNx3noOuc8JHf8i%2BlyzxQk0PlaNPndM2DBT%2BsU%3D,无,119,--,--
218,00:22,Y,29,20300303,0,正常车次，不受控,1,0801,09,淮北,HRH,上海,01,SHH,--,--,0,01:02,62,H2,,--,1,--,1430,W3431333,1413,0712,33,上海,SHH,23:20,20161229,K8432,--,苏州,03,SZH,,55000K843264,3,3,--,426,--,10401030,fHTewh1ku09J8SkltVCFAtFKb%2FFeT8qvp70t1oUApxG0skcqj61Et9IR%2BM8%3D,7,35,--,--
219,00:36,Y,29,20300303,0,正常车次，不受控,1,0804,09,阜阳,FYH,上海,01,SHH,--,--,0,01:01,61,H1,,--,--,--,1430,W31333,113,0712,33,上海,SHH,23:35,20161229,K8362,--,苏州,02,SZH,,55000K8362D1,3,3,--,无,--,101030,ztWMNva0qN2z%2FrEWVrjV4eUeh13Xr834640aRMeBoGXfs3lB,2,38,--,--
220,00:42,Y,29,20300303,0,正常车次，不受控,1,0802,09,亳州,BZH,上海,01,SHH,--,--,0,01:01,61,H3,,--,4,--,1430,W3431333,1413,0712,33,上海,SHH,23:41,20161229,K8366,--,苏州,03,SZH,,55000K836640,3,3,--,58,--,10401030,vTatHz800yanqUctnXe4VXSRPPQ0eF8MLu7g69V0a8hvV0%2BuZ0U6o66TJoo%3D,20,137,--,--
221,00:49,Y,29,20300303,0,正常车次，不受控,1,1221,13,周口,ZKN,上海,01,SHH,--,--,0,01:02,62,H1,,--,5,--,1430,W3431333,1413,0712,33,上海,SHH,23:47,20161229,K1506,--,苏州,03,SZH,,55000K150602,3,2,--,无,--,10401030,oFaSnPYLblBH1d8obNMxYgkgOPpctYhacZwsXeignXjgRrD8xuxu%2FxDkIpw%3D,63,549,--,--
